field_id,Year,NDVI
0,2018,0.3016
1,2018,0.4138
2,2018,0.5139
3,2018,0.7593
4,2018,0.4968
5,2018,0.4091
6,2018,0.3781
7,2018,0.1979
8,2018,0.2498
9,2018,0.283
10,2018,0.2655
11,2018,0.3057
12,2018,0.3487
13,2018,0.2364
14,2018,0.2553
15,2018,0.2505
16,2018,0.5215
17,2018,0.2749
18,2018,0.228
19,2018,0.2479
20,2018,0.1802
21,2018,0.3653
22,2018,0.3607
23,2018,0.4028
24,2018,0.3537
25,2018,0.3084
26,2018,0.1997
27,2018,0.6856
28,2018,0.2134
29,2018,0.228
30,2018,0.5306
31,2018,0.4058
32,2018,0.2813
33,2018,0.85
34,2018,0.3589
35,2018,0.3481
36,2018,0.4774
37,2018,0.3084
38,2018,0.3275
39,2018,0.4172
40,2018,0.3321
41,2018,0.3422
42,2018,0.4263
43,2018,0.883
44,2018,0.5574
45,2018,0.4662
46,2018,0.8736
47,2018,0.6699
48,2018,0.8723
49,2018,0.8486
50,2018,0.7257
51,2018,0.7799
52,2018,0.37
53,2018,0.4268
54,2018,0.9176
55,2018,0.8962
56,2018,0.3711
57,2018,0.385
58,2018,0.2369
59,2018,0.4062
60,2018,0.5318
61,2018,0.3592
62,2018,0.9133
63,2018,0.3211
64,2018,0.2818
65,2018,0.2771
66,2018,0.2922
67,2018,0.3347
68,2018,0.3843
69,2018,0.3188
70,2018,0.3324
71,2018,0.3071
72,2018,0.3973
73,2018,0.4439
74,2018,0.2402
75,2018,0.2324
76,2018,0.4125
77,2018,0.8805
78,2018,0.8855
79,2018,0.4817
80,2018,0.3887
81,2018,0.3386
82,2018,0.4043
83,2018,0.2509
84,2018,0.4953
85,2018,0.4708
86,2018,0.4428
87,2018,0.4799
88,2018,0.4778
89,2018,0.4913
90,2018,0.3945
91,2018,0.9161
92,2018,0.3297
93,2018,0.4514
94,2018,0.3976
95,2018,0.3758
96,2018,0.4124
97,2018,0.2155
98,2018,0.2374
99,2018,0.2546
100,2018,0.382
101,2018,0.3923
102,2018,0.4189
103,2018,0.4124
104,2018,0.4698
105,2018,0.4014
106,2018,0.4512
107,2018,0.9155
108,2018,0.525
109,2018,0.4371
110,2018,0.461
111,2018,0.4362
112,2018,0.4525
113,2018,0.4427
114,2018,0.3562
115,2018,0.4878
116,2018,0.4111
117,2018,0.4576
118,2018,0.35
119,2018,0.3435
120,2018,0.3045
121,2018,0.3366
122,2018,0.364
123,2018,0.293
124,2018,0.3096
125,2018,0.359
126,2018,0.2435
127,2018,0.3856
128,2018,0.2971
129,2018,0.3359
130,2018,0.3528
131,2018,0.4704
132,2018,0.5025
133,2018,0.4516
134,2018,0.4039
135,2018,0.4072
136,2018,0.2342
137,2018,0.4605
138,2018,0.5438
139,2018,0.4171
140,2018,0.2164
141,2018,0.4104
142,2018,0.3749
143,2018,0.2413
144,2018,0.2769
145,2018,0.2072
146,2018,0.3624
147,2018,0.914
148,2018,0.4191
149,2018,0.2352
150,2018,0.1971
151,2018,0.3523
152,2018,0.2754
153,2018,0.6083
154,2018,0.5368
155,2018,0.6894
156,2018,0.602
157,2018,0.6146
158,2018,0.378
159,2018,0.664
160,2018,0.5541
161,2018,0.6588
162,2018,0.5745
163,2018,0.9089
164,2018,0.8573
165,2018,0.8901
166,2018,0.9031
167,2018,0.9058
168,2018,0.9121
169,2018,0.8505
170,2018,0.2569
171,2018,0.9189
172,2018,0.3859
173,2018,0.8291
174,2018,0.882
175,2018,0.9049
176,2018,0.9142
177,2018,0.2527
178,2018,0.2011
179,2018,0.2461
180,2018,0.2506
181,2018,0.3263
182,2018,0.2069
183,2018,0.8884
184,2018,0.9005
185,2018,0.8971
186,2018,0.9138
187,2018,0.9025
188,2018,0.8968
189,2018,0.8971
190,2018,0.8882
191,2018,0.89
192,2018,0.9197
193,2018,0.9069
194,2018,0.8801
195,2018,0.8748
196,2018,0.8621
197,2018,0.8527
198,2018,0.9085
199,2018,0.9209
200,2018,0.8773
201,2018,0.9244
202,2018,0.9189
203,2018,0.4298
204,2018,0.9218
205,2018,0.8734
206,2018,0.8967
207,2018,0.8847
208,2018,0.8868
209,2018,0.9211
210,2018,0.9133
211,2018,0.8772
212,2018,0.5711
213,2018,0.9025
214,2018,0.9138
215,2018,0.4699
216,2018,0.9233
217,2018,0.8586
218,2018,0.2583
219,2018,0.457
220,2018,0.9131
221,2018,0.368
222,2018,0.35
223,2018,0.2478
224,2018,0.8763
225,2018,0.3508
226,2018,0.2507
227,2018,0.3709
228,2018,0.8768
229,2018,0.309
230,2018,0.2646
231,2018,0.2528
232,2018,0.2807
233,2018,0.2871
234,2018,0.3091
235,2018,0.2747
236,2018,0.9037
237,2018,0.9159
238,2018,0.9166
239,2018,0.8623
240,2018,0.8743
241,2018,0.907
242,2018,0.722
243,2018,0.8544
244,2018,0.9059
245,2018,0.8927
246,2018,0.921
247,2018,0.9188
248,2018,0.3348
249,2018,0.8695
250,2018,0.8795
251,2018,0.8835
252,2018,0.9188
253,2018,0.9135
254,2018,0.9126
255,2018,0.9156
256,2018,0.8556
257,2018,0.8768
258,2018,0.9049
259,2018,0.7405
260,2018,0.9129
261,2018,0.9019
262,2018,0.908
263,2018,0.885
264,2018,0.2719
265,2018,0.3369
266,2018,0.2414
267,2018,0.3168
268,2018,0.9045
269,2018,0.889
270,2018,0.2633
271,2018,0.2525
272,2018,0.9148
273,2018,0.8805
274,2018,0.8666
275,2018,0.6953
276,2018,0.8408
277,2018,0.9012
278,2018,0.9051
279,2018,0.8658
280,2018,0.2856
281,2018,0.9074
282,2018,0.806
283,2018,0.3038
284,2018,0.8422
285,2018,0.9218
286,2018,0.9045
287,2018,0.8964
288,2018,0.9158
289,2018,0.8886
290,2018,0.2108
291,2018,0.9251
292,2018,0.8829
293,2018,0.2005
294,2018,0.3522
295,2018,0.7346
296,2018,0.6386
297,2018,0.8132
298,2018,0.8881
299,2018,0.887
300,2018,0.8758
301,2018,0.8638
302,2018,0.8664
303,2018,0.9071
304,2018,0.907
305,2018,0.3636
306,2018,0.3589
307,2018,0.2117
308,2018,0.8982
309,2018,0.393
310,2018,0.3897
311,2018,0.596
312,2018,0.7502
313,2018,0.3629
314,2018,0.3068
315,2018,0.2144
316,2018,0.3275
317,2018,0.8912
318,2018,0.4803
319,2018,0.4161
320,2018,0.4274
321,2018,0.4261
322,2018,0.4657
323,2018,0.386
324,2018,0.4353
325,2018,0.4614
326,2018,0.2636
327,2018,0.4096
328,2018,0.4016
329,2018,0.2576
330,2018,0.8875
331,2018,0.4516
332,2018,0.8497
333,2018,0.8951
334,2018,0.3607
335,2018,0.2783
336,2018,0.3452
337,2018,0.412
338,2018,0.4252
339,2018,0.9235
340,2018,0.9041
341,2018,0.2618
342,2018,0.4919
343,2018,0.7611
344,2018,0.2565
345,2018,0.4916
346,2018,0.9133
347,2018,0.4451
348,2018,0.2728
349,2018,0.386
350,2018,0.7627
351,2018,0.4587
352,2018,0.878
353,2018,0.9043
354,2018,0.3903
355,2018,0.2266
356,2018,0.8935
357,2018,0.243
358,2018,0.897
359,2018,0.8849
360,2018,0.8775
361,2018,0.821
362,2018,0.8865
363,2018,0.9171
364,2018,0.9171
365,2018,0.8514
366,2018,0.3844
367,2018,0.4156
368,2018,0.2211
369,2018,0.3995
370,2018,0.4641
371,2018,0.8399
372,2018,0.2791
373,2018,0.3909
374,2018,0.8323
375,2018,0.7561
376,2018,0.3715
377,2018,0.852
378,2018,0.7232
379,2018,0.4846
380,2018,0.3445
381,2018,0.874
382,2018,0.2818
383,2018,0.9157
384,2018,0.3659
385,2018,0.3499
386,2018,0.309
387,2018,0.8977
388,2018,0.9034
389,2018,0.6501
390,2018,0.2891
391,2018,0.2655
392,2018,0.8803
393,2018,0.4558
394,2018,0.8973
395,2018,0.8662
396,2018,0.9238
397,2018,0.8583
398,2018,0.3197
399,2018,0.8732
400,2018,0.9014
401,2018,0.8783
402,2018,0.9061
403,2018,0.8536
404,2018,0.9129
405,2018,0.9027
406,2018,0.9159
407,2018,0.8998
408,2018,0.8758
409,2018,0.91
410,2018,0.8784
411,2018,0.9116
412,2018,0.9084
413,2018,0.913
414,2018,0.9105
415,2018,0.9193
416,2018,0.9191
417,2018,0.8921
418,2018,0.7352
419,2018,0.8334
420,2018,0.895
421,2018,0.8831
422,2018,0.8862
423,2018,0.3683
424,2018,0.8506
425,2018,0.8839
426,2018,0.8789
427,2018,0.8163
428,2018,0.7892
429,2018,0.9198
430,2018,0.898
431,2018,0.9075
432,2018,0.9117
433,2018,0.9104
434,2018,0.8871
435,2018,0.8924
436,2018,0.9061
437,2018,0.9095
438,2018,0.9061
439,2018,0.909
440,2018,0.8947
441,2018,0.8533
442,2018,0.9164
443,2018,0.9261
444,2018,0.9076
445,2018,0.9125
446,2018,0.8299
447,2018,0.8949
448,2018,0.9078
449,2018,0.3718
450,2018,0.4043
451,2018,0.4879
452,2018,0.4192
453,2018,0.3156
454,2018,0.8345
455,2018,0.8611
456,2018,0.8487
457,2018,0.8549
458,2018,0.3683
459,2018,0.3216
460,2018,0.3006
461,2018,0.3771
462,2018,0.319
463,2018,0.332
464,2018,0.8818
465,2018,0.4833
466,2018,0.8717
467,2018,0.7169
468,2018,0.3604
469,2018,0.3039
470,2018,0.2953
471,2018,0.5135
472,2018,0.3178
473,2018,0.8639
474,2018,0.9102
475,2018,0.4593
476,2018,0.8477
477,2018,0.6624
478,2018,0.2766
479,2018,0.9179
480,2018,0.9212
481,2018,0.9069
482,2018,0.887
483,2018,0.8793
484,2018,0.8185
485,2018,0.5489
486,2018,0.6294
487,2018,0.796
488,2018,0.5231
489,2018,0.2647
490,2018,0.2836
0,2019,0.3874
1,2019,0.5034
2,2019,0.5626
3,2019,0.832
4,2019,0.5882
5,2019,0.4652
6,2019,0.4519
7,2019,0.2765
8,2019,0.2977
9,2019,0.3355
10,2019,0.3573
11,2019,0.4253
12,2019,0.8738
13,2019,0.2221
14,2019,0.2705
15,2019,0.3707
16,2019,0.7424
17,2019,0.4407
18,2019,0.3761
19,2019,0.6538
20,2019,0.4613
21,2019,0.6314
22,2019,0.6179
23,2019,0.6012
24,2019,0.5014
25,2019,0.6308
26,2019,0.3267
27,2019,0.4967
28,2019,0.283
29,2019,0.317
30,2019,0.6315
31,2019,0.622
32,2019,0.4226
33,2019,0.7273
34,2019,0.5078
35,2019,0.3736
36,2019,0.4728
37,2019,0.3713
38,2019,0.39
39,2019,0.5147
40,2019,0.4106
41,2019,0.3772
42,2019,0.5272
43,2019,0.8808
44,2019,0.659
45,2019,0.5869
46,2019,0.8538
47,2019,0.7301
48,2019,0.8791
49,2019,0.8359
50,2019,0.709
51,2019,0.7351
52,2019,0.5898
53,2019,0.5038
54,2019,0.9136
55,2019,0.9001
56,2019,0.4936
57,2019,0.5605
58,2019,0.3692
59,2019,0.5023
60,2019,0.8463
61,2019,0.5025
62,2019,0.9086
63,2019,0.5825
64,2019,0.5507
65,2019,0.553
66,2019,0.4281
67,2019,0.5718
68,2019,0.5548
69,2019,0.4591
70,2019,0.5521
71,2019,0.4974
72,2019,0.5694
73,2019,0.5738
74,2019,0.398
75,2019,0.4001
76,2019,0.6002
77,2019,0.8671
78,2019,0.9108
79,2019,0.614
80,2019,0.4526
81,2019,0.5195
82,2019,0.514
83,2019,0.3069
84,2019,0.5829
85,2019,0.604
86,2019,0.5362
87,2019,0.5714
88,2019,0.5377
89,2019,0.5583
90,2019,0.4294
91,2019,0.9119
92,2019,0.3762
93,2019,0.5525
94,2019,0.5008
95,2019,0.4205
96,2019,0.4608
97,2019,0.3626
98,2019,0.3939
99,2019,0.4286
100,2019,0.4922
101,2019,0.4571
102,2019,0.4815
103,2019,0.4964
104,2019,0.5402
105,2019,0.5085
106,2019,0.5209
107,2019,0.9002
108,2019,0.536
109,2019,0.495
110,2019,0.4603
111,2019,0.5061
112,2019,0.507
113,2019,0.5072
114,2019,0.3708
115,2019,0.6437
116,2019,0.5672
117,2019,0.601
118,2019,0.445
119,2019,0.4433
120,2019,0.4092
121,2019,0.4345
122,2019,0.4975
123,2019,0.3969
124,2019,0.4707
125,2019,0.5287
126,2019,0.5842
127,2019,0.4913
128,2019,0.5194
129,2019,0.4041
130,2019,0.5164
131,2019,0.5672
132,2019,0.5314
133,2019,0.5791
134,2019,0.6229
135,2019,0.5731
136,2019,0.3902
137,2019,0.6014
138,2019,0.6752
139,2019,0.4814
140,2019,0.3728
141,2019,0.5713
142,2019,0.6472
143,2019,0.4247
144,2019,0.4232
145,2019,0.4007
146,2019,0.62
147,2019,0.8987
148,2019,0.5351
149,2019,0.4861
150,2019,0.3784
151,2019,0.5146
152,2019,0.4521
153,2019,0.6718
154,2019,0.6241
155,2019,0.7615
156,2019,0.6516
157,2019,0.6731
158,2019,0.5219
159,2019,0.7521
160,2019,0.6376
161,2019,0.7413
162,2019,0.6729
163,2019,0.9012
164,2019,0.8834
165,2019,0.8648
166,2019,0.9113
167,2019,0.91
168,2019,0.898
169,2019,0.893
170,2019,0.4234
171,2019,0.9089
172,2019,0.5623
173,2019,0.8814
174,2019,0.8875
175,2019,0.8884
176,2019,0.8967
177,2019,0.4688
178,2019,0.3085
179,2019,0.33
180,2019,0.3803
181,2019,0.4612
182,2019,0.322
183,2019,0.8808
184,2019,0.8929
185,2019,0.8957
186,2019,0.9145
187,2019,0.8967
188,2019,0.8999
189,2019,0.9048
190,2019,0.8827
191,2019,0.904
192,2019,0.9163
193,2019,0.914
194,2019,0.8839
195,2019,0.8803
196,2019,0.7029
197,2019,0.897
198,2019,0.7641
199,2019,0.9151
200,2019,0.7301
201,2019,0.9116
202,2019,0.9121
203,2019,0.5195
204,2019,0.9125
205,2019,0.8758
206,2019,0.8834
207,2019,0.8646
208,2019,0.8998
209,2019,0.9136
210,2019,0.9133
211,2019,0.8916
212,2019,0.4822
213,2019,0.8799
214,2019,0.9016
215,2019,0.6283
216,2019,0.9179
217,2019,0.8493
218,2019,0.8793
219,2019,0.6423
220,2019,0.8956
221,2019,0.4451
222,2019,0.4645
223,2019,0.4356
224,2019,0.8805
225,2019,0.4296
226,2019,0.3667
227,2019,0.8888
228,2019,0.8821
229,2019,0.3905
230,2019,0.4443
231,2019,0.4475
232,2019,0.3796
233,2019,0.412
234,2019,0.3954
235,2019,0.4225
236,2019,0.9062
237,2019,0.8795
238,2019,0.9097
239,2019,0.8848
240,2019,0.8907
241,2019,0.8847
242,2019,0.5684
243,2019,0.8639
244,2019,0.9096
245,2019,0.9
246,2019,0.9088
247,2019,0.8741
248,2019,0.3976
249,2019,0.8511
250,2019,0.9103
251,2019,0.8816
252,2019,0.9165
253,2019,0.9084
254,2019,0.8995
255,2019,0.9155
256,2019,0.8507
257,2019,0.8806
258,2019,0.8902
259,2019,0.4108
260,2019,0.9137
261,2019,0.8944
262,2019,0.901
263,2019,0.8275
264,2019,0.4027
265,2019,0.4929
266,2019,0.401
267,2019,0.4579
268,2019,0.8881
269,2019,0.8609
270,2019,0.4318
271,2019,0.5209
272,2019,0.8993
273,2019,0.8909
274,2019,0.8877
275,2019,0.8444
276,2019,0.8893
277,2019,0.8959
278,2019,0.8439
279,2019,0.8761
280,2019,0.3641
281,2019,0.8866
282,2019,0.7892
283,2019,0.4485
284,2019,0.8136
285,2019,0.9102
286,2019,0.8916
287,2019,0.8829
288,2019,0.8965
289,2019,0.8893
290,2019,0.8675
291,2019,0.9043
292,2019,0.8952
293,2019,0.8421
294,2019,0.5899
295,2019,0.8719
296,2019,0.8494
297,2019,0.8633
298,2019,0.8725
299,2019,0.9009
300,2019,0.8923
301,2019,0.8624
302,2019,0.8838
303,2019,0.9004
304,2019,0.8898
305,2019,0.5123
306,2019,0.4906
307,2019,0.3233
308,2019,0.8928
309,2019,0.5297
310,2019,0.5233
311,2019,0.6625
312,2019,0.8845
313,2019,0.4181
314,2019,0.3389
315,2019,0.3664
316,2019,0.5821
317,2019,0.8838
318,2019,0.3273
319,2019,0.4241
320,2019,0.4729
321,2019,0.4257
322,2019,0.5243
323,2019,0.3132
324,2019,0.5463
325,2019,0.5443
326,2019,0.4877
327,2019,0.5261
328,2019,0.6814
329,2019,0.3472
330,2019,0.8841
331,2019,0.5904
332,2019,0.824
333,2019,0.9022
334,2019,0.4895
335,2019,0.2945
336,2019,0.4252
337,2019,0.5113
338,2019,0.518
339,2019,0.9112
340,2019,0.8958
341,2019,0.298
342,2019,0.5885
343,2019,0.6974
344,2019,0.3212
345,2019,0.4927
346,2019,0.9005
347,2019,0.4554
348,2019,0.5433
349,2019,0.4978
350,2019,0.8964
351,2019,0.5111
352,2019,0.8753
353,2019,0.9024
354,2019,0.5197
355,2019,0.3872
356,2019,0.8733
357,2019,0.55
358,2019,0.898
359,2019,0.8612
360,2019,0.8715
361,2019,0.9018
362,2019,0.8472
363,2019,0.9049
364,2019,0.9018
365,2019,0.8514
366,2019,0.4503
367,2019,0.534
368,2019,0.5314
369,2019,0.4439
370,2019,0.3702
371,2019,0.571
372,2019,0.4132
373,2019,0.3867
374,2019,0.7056
375,2019,0.8011
376,2019,0.4844
377,2019,0.8657
378,2019,0.748
379,2019,0.5399
380,2019,0.4368
381,2019,0.8195
382,2019,0.4869
383,2019,0.9133
384,2019,0.4227
385,2019,0.5792
386,2019,0.4236
387,2019,0.8818
388,2019,0.8997
389,2019,0.7132
390,2019,0.4894
391,2019,0.4722
392,2019,0.8874
393,2019,0.4238
394,2019,0.8863
395,2019,0.8266
396,2019,0.9052
397,2019,0.904
398,2019,0.808
399,2019,0.8312
400,2019,0.9
401,2019,0.8831
402,2019,0.9018
403,2019,0.7436
404,2019,0.8971
405,2019,0.8995
406,2019,0.9047
407,2019,0.8968
408,2019,0.8679
409,2019,0.9085
410,2019,0.8944
411,2019,0.8979
412,2019,0.9131
413,2019,0.9062
414,2019,0.9176
415,2019,0.9147
416,2019,0.8811
417,2019,0.8968
418,2019,0.851
419,2019,0.8496
420,2019,0.854
421,2019,0.9005
422,2019,0.8746
423,2019,0.5198
424,2019,0.855
425,2019,0.8701
426,2019,0.8637
427,2019,0.6773
428,2019,0.8948
429,2019,0.9119
430,2019,0.8786
431,2019,0.8815
432,2019,0.9006
433,2019,0.8951
434,2019,0.8762
435,2019,0.8812
436,2019,0.9001
437,2019,0.8857
438,2019,0.8961
439,2019,0.8972
440,2019,0.8809
441,2019,0.8181
442,2019,0.9066
443,2019,0.9142
444,2019,0.9128
445,2019,0.9191
446,2019,0.8474
447,2019,0.8889
448,2019,0.8912
449,2019,0.4539
450,2019,0.594
451,2019,0.5039
452,2019,0.4702
453,2019,0.5461
454,2019,0.8595
455,2019,0.8635
456,2019,0.8566
457,2019,0.7026
458,2019,0.6661
459,2019,0.426
460,2019,0.5078
461,2019,0.6591
462,2019,0.4356
463,2019,0.4245
464,2019,0.8931
465,2019,0.756
466,2019,0.901
467,2019,0.7736
468,2019,0.4603
469,2019,0.395
470,2019,0.3833
471,2019,0.5191
472,2019,0.5206
473,2019,0.9065
474,2019,0.907
475,2019,0.6301
476,2019,0.8817
477,2019,0.7375
478,2019,0.3434
479,2019,0.9026
480,2019,0.9109
481,2019,0.898
482,2019,0.8683
483,2019,0.8527
484,2019,0.7913
485,2019,0.5847
486,2019,0.7214
487,2019,0.7921
488,2019,0.4479
489,2019,0.3997
490,2019,0.3408
0,2020,0.2334
1,2020,0.3224
2,2020,0.342
3,2020,0.8612
4,2020,0.5441
5,2020,0.2336
6,2020,0.2781
7,2020,0.1725
8,2020,0.2026
9,2020,0.2116
10,2020,0.2613
11,2020,0.2964
12,2020,0.5969
13,2020,0.1736
14,2020,0.2006
15,2020,0.2212
16,2020,0.3187
17,2020,0.2003
18,2020,0.1926
19,2020,0.182
20,2020,0.1529
21,2020,0.37
22,2020,0.359
23,2020,0.358
24,2020,0.316
25,2020,0.3223
26,2020,0.2098
27,2020,0.7591
28,2020,0.1953
29,2020,0.2221
30,2020,0.2374
31,2020,0.317
32,2020,0.2867
33,2020,0.575
34,2020,0.232
35,2020,0.3059
36,2020,0.3731
37,2020,0.2389
38,2020,0.2578
39,2020,0.32
40,2020,0.2564
41,2020,0.278
42,2020,0.3535
43,2020,0.8664
44,2020,0.4655
45,2020,0.4176
46,2020,0.8858
47,2020,0.6533
48,2020,0.8907
49,2020,0.7472
50,2020,0.5939
51,2020,0.6446
52,2020,0.3584
53,2020,0.3926
54,2020,0.9046
55,2020,0.8826
56,2020,0.3347
57,2020,0.2874
58,2020,0.2278
59,2020,0.3128
60,2020,0.8911
61,2020,0.3636
62,2020,0.9101
63,2020,0.2909
64,2020,0.272
65,2020,0.2802
66,2020,0.2707
67,2020,0.3232
68,2020,0.3708
69,2020,0.2492
70,2020,0.3655
71,2020,0.2666
72,2020,0.3289
73,2020,0.3319
74,2020,0.1932
75,2020,0.1897
76,2020,0.3342
77,2020,0.7944
78,2020,0.9258
79,2020,0.3951
80,2020,0.3362
81,2020,0.3038
82,2020,0.345
83,2020,0.1897
84,2020,0.426
85,2020,0.4213
86,2020,0.4072
87,2020,0.4301
88,2020,0.4427
89,2020,0.4412
90,2020,0.3995
91,2020,0.8748
92,2020,0.3315
93,2020,0.4353
94,2020,0.366
95,2020,0.38
96,2020,0.3575
97,2020,0.2069
98,2020,0.2125
99,2020,0.2194
100,2020,0.2724
101,2020,0.2896
102,2020,0.3811
103,2020,0.3836
104,2020,0.4282
105,2020,0.3828
106,2020,0.423
107,2020,0.8909
108,2020,0.4392
109,2020,0.3809
110,2020,0.4154
111,2020,0.4139
112,2020,0.406
113,2020,0.3999
114,2020,0.3675
115,2020,0.2362
116,2020,0.2301
117,2020,0.384
118,2020,0.3573
119,2020,0.315
120,2020,0.3439
121,2020,0.321
122,2020,0.3082
123,2020,0.2767
124,2020,0.2916
125,2020,0.3158
126,2020,0.1934
127,2020,0.3279
128,2020,0.1944
129,2020,0.1916
130,2020,0.2534
131,2020,0.3573
132,2020,0.338
133,2020,0.344
134,2020,0.3439
135,2020,0.2931
136,2020,0.1658
137,2020,0.3564
138,2020,0.43
139,2020,0.2505
140,2020,0.1817
141,2020,0.2828
142,2020,0.3618
143,2020,0.1686
144,2020,0.2034
145,2020,0.1661
146,2020,0.3321
147,2020,0.8946
148,2020,0.3101
149,2020,0.2345
150,2020,0.1726
151,2020,0.1802
152,2020,0.2231
153,2020,0.5054
154,2020,0.4217
155,2020,0.6274
156,2020,0.5081
157,2020,0.5099
158,2020,0.2598
159,2020,0.6049
160,2020,0.4868
161,2020,0.5953
162,2020,0.4438
163,2020,0.9024
164,2020,0.8879
165,2020,0.5766
166,2020,0.8949
167,2020,0.9034
168,2020,0.8964
169,2020,0.8876
170,2020,0.186
171,2020,0.918
172,2020,0.1962
173,2020,0.8955
174,2020,0.8712
175,2020,0.8426
176,2020,0.8728
177,2020,0.2029
178,2020,0.1839
179,2020,0.1964
180,2020,0.2014
181,2020,0.3059
182,2020,0.1827
183,2020,0.8848
184,2020,0.8859
185,2020,0.8871
186,2020,0.9076
187,2020,0.8751
188,2020,0.8789
189,2020,0.9055
190,2020,0.8769
191,2020,0.8652
192,2020,0.9104
193,2020,0.9194
194,2020,0.8529
195,2020,0.9008
196,2020,0.8032
197,2020,0.8964
198,2020,0.9028
199,2020,0.9083
200,2020,0.8517
201,2020,0.9059
202,2020,0.9191
203,2020,0.3878
204,2020,0.8746
205,2020,0.8793
206,2020,0.8764
207,2020,0.8539
208,2020,0.881
209,2020,0.9091
210,2020,0.909
211,2020,0.8733
212,2020,0.403
213,2020,0.8759
214,2020,0.8771
215,2020,0.394
216,2020,0.9275
217,2020,0.8399
218,2020,0.8791
219,2020,0.3819
220,2020,0.7596
221,2020,0.3979
222,2020,0.37
223,2020,0.3618
224,2020,0.8704
225,2020,0.281
226,2020,0.2182
227,2020,0.8032
228,2020,0.8548
229,2020,0.2298
230,2020,0.2199
231,2020,0.1929
232,2020,0.2154
233,2020,0.2224
234,2020,0.2377
235,2020,0.2156
236,2020,0.9041
237,2020,0.9063
238,2020,0.9084
239,2020,0.2456
240,2020,0.8907
241,2020,0.862
242,2020,0.1842
243,2020,0.8525
244,2020,0.9077
245,2020,0.9037
246,2020,0.906
247,2020,0.8732
248,2020,0.192
249,2020,0.6871
250,2020,0.9146
251,2020,0.8684
252,2020,0.9209
253,2020,0.9026
254,2020,0.8995
255,2020,0.9045
256,2020,0.8721
257,2020,0.8647
258,2020,0.8671
259,2020,0.8842
260,2020,0.8742
261,2020,0.8961
262,2020,0.9068
263,2020,0.8391
264,2020,0.2041
265,2020,0.2422
266,2020,0.199
267,2020,0.219
268,2020,0.8828
269,2020,0.9037
270,2020,0.2087
271,2020,0.2048
272,2020,0.8956
273,2020,0.8671
274,2020,0.8627
275,2020,0.8282
276,2020,0.8561
277,2020,0.878
278,2020,0.8815
279,2020,0.8171
280,2020,0.2499
281,2020,0.8497
282,2020,0.8601
283,2020,0.2562
284,2020,0.866
285,2020,0.8982
286,2020,0.8857
287,2020,0.8981
288,2020,0.904
289,2020,0.8852
290,2020,0.8568
291,2020,0.9121
292,2020,0.9118
293,2020,0.8444
294,2020,0.1928
295,2020,0.5469
296,2020,0.8775
297,2020,0.7164
298,2020,0.8594
299,2020,0.889
300,2020,0.8725
301,2020,0.8628
302,2020,0.847
303,2020,0.9087
304,2020,0.8828
305,2020,0.3697
306,2020,0.3566
307,2020,0.2464
308,2020,0.8959
309,2020,0.3394
310,2020,0.3163
311,2020,0.4307
312,2020,0.8837
313,2020,0.3581
314,2020,0.3653
315,2020,0.2068
316,2020,0.3103
317,2020,0.8702
318,2020,0.3848
319,2020,0.4187
320,2020,0.3853
321,2020,0.3684
322,2020,0.3348
323,2020,0.2805
324,2020,0.365
325,2020,0.3886
326,2020,0.2019
327,2020,0.3303
328,2020,0.3081
329,2020,0.1975
330,2020,0.8834
331,2020,0.3045
332,2020,0.4997
333,2020,0.8948
334,2020,0.1935
335,2020,0.2097
336,2020,0.2077
337,2020,0.2757
338,2020,0.3626
339,2020,0.8996
340,2020,0.8947
341,2020,0.2206
342,2020,0.3001
343,2020,0.6576
344,2020,0.2169
345,2020,0.3289
346,2020,0.7804
347,2020,0.2888
348,2020,0.1682
349,2020,0.3963
350,2020,0.8806
351,2020,0.3935
352,2020,0.8574
353,2020,0.7845
354,2020,0.3615
355,2020,0.1898
356,2020,0.8974
357,2020,0.1984
358,2020,0.88
359,2020,0.8703
360,2020,0.8535
361,2020,0.9168
362,2020,0.9151
363,2020,0.9114
364,2020,0.8849
365,2020,0.8854
366,2020,0.3416
367,2020,0.2567
368,2020,0.2691
369,2020,0.2661
370,2020,0.4232
371,2020,0.2361
372,2020,0.2064
373,2020,0.2184
374,2020,0.2414
375,2020,0.7674
376,2020,0.2552
377,2020,0.8473
378,2020,0.6756
379,2020,0.472
380,2020,0.2079
381,2020,0.4952
382,2020,0.1687
383,2020,0.9047
384,2020,0.3411
385,2020,0.341
386,2020,0.2859
387,2020,0.8788
388,2020,0.8651
389,2020,0.5499
390,2020,0.1634
391,2020,0.1861
392,2020,0.9021
393,2020,0.3636
394,2020,0.8498
395,2020,0.8259
396,2020,0.9077
397,2020,0.9124
398,2020,0.8009
399,2020,0.8225
400,2020,0.8763
401,2020,0.8168
402,2020,0.8886
403,2020,0.8277
404,2020,0.8883
405,2020,0.8716
406,2020,0.8945
407,2020,0.8958
408,2020,0.867
409,2020,0.9142
410,2020,0.8773
411,2020,0.8966
412,2020,0.894
413,2020,0.9018
414,2020,0.9187
415,2020,0.9178
416,2020,0.9043
417,2020,0.9081
418,2020,0.7044
419,2020,0.7782
420,2020,0.9187
421,2020,0.9107
422,2020,0.8322
423,2020,0.266
424,2020,0.8497
425,2020,0.866
426,2020,0.8783
427,2020,0.7534
428,2020,0.8925
429,2020,0.9137
430,2020,0.8894
431,2020,0.8986
432,2020,0.8659
433,2020,0.8782
434,2020,0.9001
435,2020,0.8396
436,2020,0.9041
437,2020,0.8615
438,2020,0.8877
439,2020,0.8932
440,2020,0.8841
441,2020,0.7925
442,2020,0.9112
443,2020,0.9156
444,2020,0.905
445,2020,0.915
446,2020,0.7678
447,2020,0.8735
448,2020,0.8855
449,2020,0.34
450,2020,0.3415
451,2020,0.235
452,2020,0.2407
453,2020,0.2563
454,2020,0.8384
455,2020,0.8523
456,2020,0.8574
457,2020,0.8794
458,2020,0.5099
459,2020,0.1815
460,2020,0.1729
461,2020,0.526
462,2020,0.2703
463,2020,0.259
464,2020,0.887
465,2020,0.4417
466,2020,0.8856
467,2020,0.8214
468,2020,0.2784
469,2020,0.2005
470,2020,0.2399
471,2020,0.5506
472,2020,0.363
473,2020,0.8999
474,2020,0.9021
475,2020,0.3541
476,2020,0.8792
477,2020,0.7113
478,2020,0.2374
479,2020,0.8862
480,2020,0.9039
481,2020,0.8941
482,2020,0.8672
483,2020,0.8335
484,2020,0.8704
485,2020,0.4466
486,2020,0.6257
487,2020,0.7258
488,2020,0.4801
489,2020,0.1958
490,2020,0.2517
0,2021,0.3057
1,2021,0.3827
2,2021,0.5166
3,2021,0.8465
4,2021,0.5535
5,2021,0.4104
6,2021,0.3579
7,2021,0.1989
8,2021,0.2286
9,2021,0.2813
10,2021,0.2773
11,2021,0.3155
12,2021,0.8274
13,2021,0.1804
14,2021,0.2212
15,2021,0.279
16,2021,0.4537
17,2021,0.2446
18,2021,0.2318
19,2021,0.2499
20,2021,0.1797
21,2021,0.4258
22,2021,0.4419
23,2021,0.4244
24,2021,0.3091
25,2021,0.3646
26,2021,0.2541
27,2021,0.7105
28,2021,0.2222
29,2021,0.2634
30,2021,0.5274
31,2021,0.404
32,2021,0.3199
33,2021,0.8942
34,2021,0.3995
35,2021,0.3802
36,2021,0.5607
37,2021,0.3161
38,2021,0.2887
39,2021,0.4115
40,2021,0.3166
41,2021,0.3099
42,2021,0.4072
43,2021,0.8609
44,2021,0.5033
45,2021,0.4683
46,2021,0.8891
47,2021,0.6347
48,2021,0.8717
49,2021,0.7443
50,2021,0.8414
51,2021,0.69
52,2021,0.4497
53,2021,0.421
54,2021,0.9059
55,2021,0.8897
56,2021,0.37
57,2021,0.4437
58,2021,0.2689
59,2021,0.4233
60,2021,0.8834
61,2021,0.3808
62,2021,0.9042
63,2021,0.2828
64,2021,0.2883
65,2021,0.3063
66,2021,0.2783
67,2021,0.295
68,2021,0.3636
69,2021,0.2772
70,2021,0.4628
71,2021,0.2985
72,2021,0.3996
73,2021,0.3878
74,2021,0.2221
75,2021,0.2082
76,2021,0.3934
77,2021,0.9088
78,2021,0.9212
79,2021,0.4453
80,2021,0.3271
81,2021,0.3375
82,2021,0.358
83,2021,0.2543
84,2021,0.4626
85,2021,0.4097
86,2021,0.413
87,2021,0.4507
88,2021,0.4741
89,2021,0.464
90,2021,0.3655
91,2021,0.8771
92,2021,0.3822
93,2021,0.4968
94,2021,0.3958
95,2021,0.4366
96,2021,0.4075
97,2021,0.2399
98,2021,0.2114
99,2021,0.2236
100,2021,0.3589
101,2021,0.342
102,2021,0.4617
103,2021,0.454
104,2021,0.433
105,2021,0.4161
106,2021,0.4332
107,2021,0.8579
108,2021,0.4571
109,2021,0.4411
110,2021,0.4452
111,2021,0.4754
112,2021,0.4483
113,2021,0.4184
114,2021,0.4078
115,2021,0.2881
116,2021,0.3077
117,2021,0.4271
118,2021,0.3647
119,2021,0.3704
120,2021,0.3329
121,2021,0.3388
122,2021,0.3776
123,2021,0.341
124,2021,0.3131
125,2021,0.3391
126,2021,0.2425
127,2021,0.3424
128,2021,0.2885
129,2021,0.2808
130,2021,0.2849
131,2021,0.3933
132,2021,0.3808
133,2021,0.4455
134,2021,0.4353
135,2021,0.3406
136,2021,0.1884
137,2021,0.4215
138,2021,0.4878
139,2021,0.3524
140,2021,0.2106
141,2021,0.398
142,2021,0.4498
143,2021,0.2141
144,2021,0.2605
145,2021,0.193
146,2021,0.344
147,2021,0.855
148,2021,0.3366
149,2021,0.2821
150,2021,0.2119
151,2021,0.2685
152,2021,0.3068
153,2021,0.5886
154,2021,0.53
155,2021,0.5832
156,2021,0.5705
157,2021,0.5912
158,2021,0.3641
159,2021,0.6493
160,2021,0.536
161,2021,0.6293
162,2021,0.5087
163,2021,0.9038
164,2021,0.8962
165,2021,0.6131
166,2021,0.8844
167,2021,0.892
168,2021,0.8555
169,2021,0.8953
170,2021,0.2284
171,2021,0.9102
172,2021,0.3004
173,2021,0.888
174,2021,0.9056
175,2021,0.8649
176,2021,0.8672
177,2021,0.35
178,2021,0.2641
179,2021,0.299
180,2021,0.2967
181,2021,0.3605
182,2021,0.2281
183,2021,0.8546
184,2021,0.9026
185,2021,0.8806
186,2021,0.9114
187,2021,0.802
188,2021,0.9029
189,2021,0.9046
190,2021,0.8882
191,2021,0.868
192,2021,0.9023
193,2021,0.909
194,2021,0.8836
195,2021,0.9049
196,2021,0.8959
197,2021,0.8971
198,2021,0.7659
199,2021,0.9027
200,2021,0.8102
201,2021,0.9173
202,2021,0.9003
203,2021,0.3959
204,2021,0.8941
205,2021,0.9036
206,2021,0.8897
207,2021,0.8654
208,2021,0.8916
209,2021,0.8976
210,2021,0.931
211,2021,0.8982
212,2021,0.4555
213,2021,0.8737
214,2021,0.9058
215,2021,0.4684
216,2021,0.9239
217,2021,0.8338
218,2021,0.8648
219,2021,0.4825
220,2021,0.7889
221,2021,0.3629
222,2021,0.3741
223,2021,0.3118
224,2021,0.8665
225,2021,0.333
226,2021,0.2319
227,2021,0.7712
228,2021,0.8463
229,2021,0.2357
230,2021,0.2284
231,2021,0.2473
232,2021,0.2337
233,2021,0.2425
234,2021,0.2443
235,2021,0.2292
236,2021,0.9032
237,2021,0.9062
238,2021,0.9062
239,2021,0.7116
240,2021,0.8724
241,2021,0.8368
242,2021,0.7504
243,2021,0.8579
244,2021,0.9243
245,2021,0.9021
246,2021,0.9172
247,2021,0.8671
248,2021,0.3917
249,2021,0.7284
250,2021,0.9126
251,2021,0.8621
252,2021,0.8952
253,2021,0.8897
254,2021,0.8987
255,2021,0.9058
256,2021,0.8864
257,2021,0.5518
258,2021,0.8643
259,2021,0.6526
260,2021,0.8848
261,2021,0.873
262,2021,0.8911
263,2021,0.8827
264,2021,0.2962
265,2021,0.3711
266,2021,0.2108
267,2021,0.3551
268,2021,0.5761
269,2021,0.9069
270,2021,0.2913
271,2021,0.2468
272,2021,0.8851
273,2021,0.8567
274,2021,0.8856
275,2021,0.8785
276,2021,0.8724
277,2021,0.8736
278,2021,0.8671
279,2021,0.8735
280,2021,0.2741
281,2021,0.8588
282,2021,0.8553
283,2021,0.2974
284,2021,0.8842
285,2021,0.8962
286,2021,0.9062
287,2021,0.9138
288,2021,0.8826
289,2021,0.8869
290,2021,0.8466
291,2021,0.9126
292,2021,0.912
293,2021,0.8452
294,2021,0.2527
295,2021,0.7231
296,2021,0.8865
297,2021,0.6807
298,2021,0.819
299,2021,0.9031
300,2021,0.8858
301,2021,0.8808
302,2021,0.8205
303,2021,0.898
304,2021,0.8791
305,2021,0.3588
306,2021,0.3764
307,2021,0.2486
308,2021,0.8727
309,2021,0.3693
310,2021,0.3624
311,2021,0.4556
312,2021,0.8808
313,2021,0.3434
314,2021,0.4023
315,2021,0.258
316,2021,0.3445
317,2021,0.8401
318,2021,0.6171
319,2021,0.4465
320,2021,0.4564
321,2021,0.4804
322,2021,0.4383
323,2021,0.3382
324,2021,0.2904
325,2021,0.4393
326,2021,0.2363
327,2021,0.3229
328,2021,0.3571
329,2021,0.239
330,2021,0.8349
331,2021,0.4031
332,2021,0.3813
333,2021,0.8888
334,2021,0.2611
335,2021,0.2805
336,2021,0.2599
337,2021,0.3217
338,2021,0.4151
339,2021,0.9085
340,2021,0.9114
341,2021,0.2599
342,2021,0.4022
343,2021,0.7254
344,2021,0.2661
345,2021,0.4323
346,2021,0.792
347,2021,0.3342
348,2021,0.3762
349,2021,0.4412
350,2021,0.8608
351,2021,0.4816
352,2021,0.8456
353,2021,0.7354
354,2021,0.4234
355,2021,0.2638
356,2021,0.9153
357,2021,0.3739
358,2021,0.8974
359,2021,0.867
360,2021,0.8534
361,2021,0.9089
362,2021,0.9157
363,2021,0.908
364,2021,0.8959
365,2021,0.8716
366,2021,0.3949
367,2021,0.4141
368,2021,0.2717
369,2021,0.4472
370,2021,0.5307
371,2021,0.3508
372,2021,0.2317
373,2021,0.2644
374,2021,0.3171
375,2021,0.6519
376,2021,0.284
377,2021,0.8098
378,2021,0.6629
379,2021,0.4606
380,2021,0.2607
381,2021,0.8634
382,2021,0.2241
383,2021,0.8963
384,2021,0.4369
385,2021,0.3815
386,2021,0.3473
387,2021,0.8778
388,2021,0.8979
389,2021,0.6028
390,2021,0.2047
391,2021,0.2619
392,2021,0.9062
393,2021,0.363
394,2021,0.9015
395,2021,0.8623
396,2021,0.9108
397,2021,0.906
398,2021,0.8909
399,2021,0.9064
400,2021,0.8716
401,2021,0.8501
402,2021,0.8906
403,2021,0.885
404,2021,0.8836
405,2021,0.861
406,2021,0.9066
407,2021,0.9021
408,2021,0.8607
409,2021,0.8677
410,2021,0.598
411,2021,0.8954
412,2021,0.8702
413,2021,0.8619
414,2021,0.7105
415,2021,0.9108
416,2021,0.9089
417,2021,0.9098
418,2021,0.7562
419,2021,0.6918
420,2021,0.9152
421,2021,0.9028
422,2021,0.8901
423,2021,0.312
424,2021,0.8602
425,2021,0.8729
426,2021,0.8623
427,2021,0.7711
428,2021,0.8789
429,2021,0.9054
430,2021,0.8785
431,2021,0.8806
432,2021,0.864
433,2021,0.8892
434,2021,0.9009
435,2021,0.8794
436,2021,0.8871
437,2021,0.8629
438,2021,0.9158
439,2021,0.8686
440,2021,0.9229
441,2021,0.8054
442,2021,0.8801
443,2021,0.9218
444,2021,0.8926
445,2021,0.903
446,2021,0.8225
447,2021,0.9025
448,2021,0.9243
449,2021,0.3904
450,2021,0.4027
451,2021,0.3352
452,2021,0.3068
453,2021,0.3526
454,2021,0.839
455,2021,0.84
456,2021,0.8507
457,2021,0.7954
458,2021,0.5404
459,2021,0.8105
460,2021,0.2742
461,2021,0.5192
462,2021,0.2882
463,2021,0.3213
464,2021,0.8778
465,2021,0.5034
466,2021,0.8844
467,2021,0.7862
468,2021,0.3258
469,2021,0.3059
470,2021,0.3178
471,2021,0.4605
472,2021,0.4179
473,2021,0.9038
474,2021,0.9009
475,2021,0.4207
476,2021,0.879
477,2021,0.8009
478,2021,0.2544
479,2021,0.9012
480,2021,0.9163
481,2021,0.8932
482,2021,0.8741
483,2021,0.8473
484,2021,0.8396
485,2021,0.6424
486,2021,0.6081
487,2021,0.7943
488,2021,0.513
489,2021,0.2414
490,2021,0.2908
0,2022,0.284
1,2022,0.3718
2,2022,0.4392
3,2022,0.8538
4,2022,0.555
5,2022,0.3596
6,2022,0.3633
7,2022,0.1681
8,2022,0.2028
9,2022,0.3067
10,2022,0.3486
11,2022,0.342
12,2022,0.8768
13,2022,0.2143
14,2022,0.2637
15,2022,0.283
16,2022,0.4347
17,2022,0.2723
18,2022,0.2294
19,2022,0.2064
20,2022,0.2236
21,2022,0.3605
22,2022,0.4173
23,2022,0.3581
24,2022,0.3015
25,2022,0.3882
26,2022,0.2693
27,2022,0.5554
28,2022,0.2268
29,2022,0.2887
30,2022,0.6105
31,2022,0.3821
32,2022,0.2771
33,2022,0.9038
34,2022,0.4702
35,2022,0.3682
36,2022,0.4498
37,2022,0.2899
38,2022,0.3201
39,2022,0.4806
40,2022,0.3717
41,2022,0.3453
42,2022,0.4545
43,2022,0.8991
44,2022,0.5608
45,2022,0.5242
46,2022,0.8957
47,2022,0.6596
48,2022,0.8829
49,2022,0.7562
50,2022,0.8988
51,2022,0.7292
52,2022,0.4957
53,2022,0.4487
54,2022,0.9009
55,2022,0.8775
56,2022,0.3927
57,2022,0.4195
58,2022,0.3382
59,2022,0.4669
60,2022,0.8996
61,2022,0.4262
62,2022,0.9168
63,2022,0.357
64,2022,0.3788
65,2022,0.323
66,2022,0.3817
67,2022,0.3948
68,2022,0.4907
69,2022,0.4533
70,2022,0.538
71,2022,0.475
72,2022,0.4964
73,2022,0.4782
74,2022,0.2719
75,2022,0.2647
76,2022,0.4021
77,2022,0.9073
78,2022,0.9225
79,2022,0.4575
80,2022,0.4051
81,2022,0.369
82,2022,0.3877
83,2022,0.2571
84,2022,0.4483
85,2022,0.4619
86,2022,0.4155
87,2022,0.4417
88,2022,0.4589
89,2022,0.4655
90,2022,0.35
91,2022,0.8829
92,2022,0.3334
93,2022,0.5042
94,2022,0.3869
95,2022,0.4386
96,2022,0.4423
97,2022,0.2457
98,2022,0.2037
99,2022,0.2329
100,2022,0.4038
101,2022,0.4566
102,2022,0.4427
103,2022,0.4274
104,2022,0.4598
105,2022,0.4035
106,2022,0.4534
107,2022,0.9074
108,2022,0.4494
109,2022,0.4091
110,2022,0.425
111,2022,0.4297
112,2022,0.431
113,2022,0.4097
114,2022,0.3918
115,2022,0.7477
116,2022,0.3451
117,2022,0.4559
118,2022,0.3567
119,2022,0.3969
120,2022,0.378
121,2022,0.3582
122,2022,0.3807
123,2022,0.3265
124,2022,0.3311
125,2022,0.3786
126,2022,0.3107
127,2022,0.3958
128,2022,0.3172
129,2022,0.2997
130,2022,0.35
131,2022,0.4441
132,2022,0.4706
133,2022,0.4107
134,2022,0.3806
135,2022,0.3628
136,2022,0.2564
137,2022,0.3742
138,2022,0.4899
139,2022,0.3057
140,2022,0.2159
141,2022,0.3649
142,2022,0.4274
143,2022,0.2957
144,2022,0.3185
145,2022,0.2525
146,2022,0.3568
147,2022,0.9041
148,2022,0.3891
149,2022,0.3091
150,2022,0.2387
151,2022,0.3046
152,2022,0.4766
153,2022,0.5819
154,2022,0.5099
155,2022,0.5303
156,2022,0.557
157,2022,0.5822
158,2022,0.3874
159,2022,0.6434
160,2022,0.5561
161,2022,0.6095
162,2022,0.5631
163,2022,0.8999
164,2022,0.9033
165,2022,0.2808
166,2022,0.8929
167,2022,0.9043
168,2022,0.9134
169,2022,0.8744
170,2022,0.2717
171,2022,0.9174
172,2022,0.337
173,2022,0.8904
174,2022,0.9144
175,2022,0.8486
176,2022,0.8799
177,2022,0.3416
178,2022,0.2538
179,2022,0.2961
180,2022,0.3038
181,2022,0.3007
182,2022,0.2582
183,2022,0.9157
184,2022,0.9087
185,2022,0.8723
186,2022,0.92
187,2022,0.913
188,2022,0.9061
189,2022,0.9151
190,2022,0.8907
191,2022,0.8657
192,2022,0.8987
193,2022,0.9227
194,2022,0.9125
195,2022,0.9151
196,2022,0.8995
197,2022,0.9069
198,2022,0.8934
199,2022,0.9032
200,2022,0.8784
201,2022,0.9155
202,2022,0.9178
203,2022,0.3773
204,2022,0.8931
205,2022,0.911
206,2022,0.9165
207,2022,0.8688
208,2022,0.9088
209,2022,0.9139
210,2022,0.9205
211,2022,0.8944
212,2022,0.3861
213,2022,0.8722
214,2022,0.9053
215,2022,0.5164
216,2022,0.9249
217,2022,0.8876
218,2022,0.8917
219,2022,0.5015
220,2022,0.8789
221,2022,0.428
222,2022,0.3764
223,2022,0.377
224,2022,0.8895
225,2022,0.4001
226,2022,0.2581
227,2022,0.8912
228,2022,0.8827
229,2022,0.7221
230,2022,0.3105
231,2022,0.2997
232,2022,0.7556
233,2022,0.3938
234,2022,0.5887
235,2022,0.6625
236,2022,0.9152
237,2022,0.8978
238,2022,0.9043
239,2022,0.9069
240,2022,0.9204
241,2022,0.9074
242,2022,0.6797
243,2022,0.8635
244,2022,0.9192
245,2022,0.8985
246,2022,0.9172
247,2022,0.8541
248,2022,0.2741
249,2022,0.7802
250,2022,0.9118
251,2022,0.8862
252,2022,0.8893
253,2022,0.8991
254,2022,0.9061
255,2022,0.9028
256,2022,0.8891
257,2022,0.9075
258,2022,0.8914
259,2022,0.7411
260,2022,0.8872
261,2022,0.8942
262,2022,0.9046
263,2022,0.8897
264,2022,0.7289
265,2022,0.8465
266,2022,0.5981
267,2022,0.9032
268,2022,0.8932
269,2022,0.9077
270,2022,0.6114
271,2022,0.7516
272,2022,0.9082
273,2022,0.877
274,2022,0.8766
275,2022,0.898
276,2022,0.8894
277,2022,0.8889
278,2022,0.8362
279,2022,0.8909
280,2022,0.3102
281,2022,0.8626
282,2022,0.8607
283,2022,0.353
284,2022,0.8752
285,2022,0.8777
286,2022,0.8948
287,2022,0.9147
288,2022,0.8932
289,2022,0.8975
290,2022,0.8408
291,2022,0.9183
292,2022,0.9055
293,2022,0.8567
294,2022,0.2783
295,2022,0.7516
296,2022,0.8809
297,2022,0.8359
298,2022,0.8419
299,2022,0.9021
300,2022,0.881
301,2022,0.89
302,2022,0.8539
303,2022,0.8762
304,2022,0.8421
305,2022,0.3622
306,2022,0.4029
307,2022,0.2339
308,2022,0.8744
309,2022,0.3893
310,2022,0.3652
311,2022,0.521
312,2022,0.8918
313,2022,0.3956
314,2022,0.3321
315,2022,0.3231
316,2022,0.3804
317,2022,0.8858
318,2022,0.4132
319,2022,0.4299
320,2022,0.4224
321,2022,0.4342
322,2022,0.4593
323,2022,0.3033
324,2022,0.4212
325,2022,0.4477
326,2022,0.6659
327,2022,0.3799
328,2022,0.3913
329,2022,0.254
330,2022,0.8953
331,2022,0.4167
332,2022,0.3936
333,2022,0.8744
334,2022,0.3929
335,2022,0.2499
336,2022,0.3239
337,2022,0.3691
338,2022,0.4354
339,2022,0.913
340,2022,0.9198
341,2022,0.3386
342,2022,0.3989
343,2022,0.6223
344,2022,0.2853
345,2022,0.42
346,2022,0.8327
347,2022,0.3494
348,2022,0.286
349,2022,0.4533
350,2022,0.8654
351,2022,0.5035
352,2022,0.8915
353,2022,0.7653
354,2022,0.4218
355,2022,0.295
356,2022,0.9168
357,2022,0.3726
358,2022,0.9114
359,2022,0.8807
360,2022,0.8633
361,2022,0.9056
362,2022,0.9149
363,2022,0.9028
364,2022,0.8911
365,2022,0.8734
366,2022,0.3866
367,2022,0.4266
368,2022,0.288
369,2022,0.4096
370,2022,0.4663
371,2022,0.3879
372,2022,0.3196
373,2022,0.3217
374,2022,0.3531
375,2022,0.7349
376,2022,0.333
377,2022,0.8665
378,2022,0.7476
379,2022,0.5124
380,2022,0.3207
381,2022,0.8915
382,2022,0.3014
383,2022,0.9122
384,2022,0.492
385,2022,0.4072
386,2022,0.3823
387,2022,0.8842
388,2022,0.8984
389,2022,0.6599
390,2022,0.3133
391,2022,0.3043
392,2022,0.9092
393,2022,0.4043
394,2022,0.9043
395,2022,0.8727
396,2022,0.9072
397,2022,0.9079
398,2022,0.9056
399,2022,0.9059
400,2022,0.8594
401,2022,0.8078
402,2022,0.8934
403,2022,0.9077
404,2022,0.8862
405,2022,0.8224
406,2022,0.9036
407,2022,0.914
408,2022,0.8845
409,2022,0.8843
410,2022,0.82
411,2022,0.9012
412,2022,0.8638
413,2022,0.8973
414,2022,0.9061
415,2022,0.9212
416,2022,0.9141
417,2022,0.9102
418,2022,0.7469
419,2022,0.7496
420,2022,0.9236
421,2022,0.9133
422,2022,0.9184
423,2022,0.378
424,2022,0.8767
425,2022,0.8744
426,2022,0.8535
427,2022,0.7897
428,2022,0.8672
429,2022,0.9107
430,2022,0.8901
431,2022,0.8939
432,2022,0.8772
433,2022,0.8789
434,2022,0.9195
435,2022,0.9027
436,2022,0.9222
437,2022,0.8712
438,2022,0.9215
439,2022,0.8761
440,2022,0.9207
441,2022,0.8118
442,2022,0.9117
443,2022,0.9239
444,2022,0.9121
445,2022,0.9154
446,2022,0.8954
447,2022,0.9032
448,2022,0.9253
449,2022,0.3714
450,2022,0.4825
451,2022,0.3973
452,2022,0.351
453,2022,0.2589
454,2022,0.8647
455,2022,0.8642
456,2022,0.8522
457,2022,0.7863
458,2022,0.5683
459,2022,0.7525
460,2022,0.3871
461,2022,0.6096
462,2022,0.283
463,2022,0.2974
464,2022,0.885
465,2022,0.6756
466,2022,0.8915
467,2022,0.8361
468,2022,0.2853
469,2022,0.2808
470,2022,0.2598
471,2022,0.5322
472,2022,0.4144
473,2022,0.9146
474,2022,0.9099
475,2022,0.4873
476,2022,0.863
477,2022,0.7849
478,2022,0.2516
479,2022,0.894
480,2022,0.9128
481,2022,0.9147
482,2022,0.8791
483,2022,0.8858
484,2022,0.8628
485,2022,0.6227
486,2022,0.631
487,2022,0.8525
488,2022,0.45
489,2022,0.2711
490,2022,0.3356
