dri_field_id,all_app,year,area_m2,annual_precip_eff_mm,annual_net_et_mm,pumping_mm,pumping_net_et_factor_annual
132_8,18242_72370,2018,888724.9486979557,208.1454084417862,309.12027889209946,510.9068698095789,1.7
23_10,18786_18787_86252_86253,2018,996460.3133552922,185.8824971356947,592.5413435676054,989.47030079942,1.7
127,18788_18789,2018,460230.1209712059,175.86877447151863,482.1546307737534,540.9889525237464,1.1
47,18794_31111,2018,496100.9481887039,175.8687744715186,398.3295217871351,269.1494164985003,0.7
149_30,18834_19052,2018,974741.6237351613,208.95312632269054,345.9369384191154,431.1574843825244,1.2
173_122,18975_34950,2018,981944.019085176,210.77031533577187,523.2749942208386,726.9388740776807,1.4
35_229,18978_42019_42020,2018,954900.5352446184,171.68836793205216,641.6370444535343,473.24765111070263,0.7
46_229,18981_39553,2018,971151.3766229099,171.15593291642955,725.3478240245554,292.12788740159357,0.4
44_137,18988_80780,2018,1004986.2021841861,208.80589971955857,649.4845710185808,406.79549903111547,0.6
1,18989_80781,2018,481071.53314006777,210.77031533577187,590.2940981741443,920.1575621733157,1.6
48,18999_42021,2018,502448.0874323465,175.8687744715186,52.70086332885342,93.97817890275107,1.8
223_37_69,19014_83615_83616_83617,2018,1564039.7858082457,202.0900810075528,537.7354315077486,739.2093040401846,1.4
14_20_15_21,19145_29873_30102_36070_50650_81268,2018,1998714.4685218863,217.35082883868714,515.1795364858918,1063.0442740511799,2.1
67_61,19191_24214,2018,923158.9681518418,201.43731294302836,537.0179107435796,555.0549251582454,1.0
57_56,19192_29765,2018,964236.8648114968,226.9914611480429,602.3652943826437,1099.594495305883,1.8
146_154,19378_20000_24605,2018,985431.7608195613,185.1111645232944,542.8215151847905,662.3183859978599,1.2
9_131,19492_20015,2018,1051985.8589295223,185.08515156572892,646.3280057397288,500.219719499041,0.8
74_75,19563_19971_28160,2018,1035844.5513957406,196.67059982298895,605.9787963301995,1003.0310132592974,1.7
27_29,19760_28061,2018,1001830.770902378,208.48100412269275,516.643734064365,691.2163002442549,1.3
103_100,19904_24609_78905,2018,916970.9172217225,178.5932509487528,559.0046196946099,743.4038650043686,1.3
28,19965_78447,2018,521585.1496169952,195.90588118810746,366.5432266135616,970.9182908828336,2.6
22,19966_80581,2018,496116.7602497004,196.16798695910524,690.5807924630998,1534.6921534696526,2.2
90_71,19972_19973_34948_46348,2018,1017577.8380540127,176.76717254062774,599.4751966398857,748.4970398300853,1.2
184_188,20087_24607,2018,1005446.7907341067,173.4784401782818,615.1555379229488,927.012385528067,1.5
179_182,20088_24606,2018,990768.2512270738,173.9918499480587,573.5615025325703,868.1802308730819,1.5
45,20694_21399,2018,506553.433903848,228.54480483959304,593.849815964608,747.1222386684374,1.3
160_53,21085_23462_23803,2018,1014827.1425503129,188.70165423918712,624.154670495476,797.3513459576793,1.3
228_39,22648_22921,2018,995480.786856395,175.34314399268817,640.2515450601617,191.33744280639445,0.3
31,22922_36321_36322,2018,533815.2813887175,177.03539872756718,669.5559030178662,754.4531505959847,1.1
68_185,23272_28641,2018,969341.554489796,197.8402170249666,548.4379837696969,647.71954350748,1.2
165_166,24127_24128,2018,1080329.3771531973,175.86877447151863,617.3615486786096,700.7839086502241,1.1
161_191,24129_24130,2018,993254.2394434838,171.67663510233666,655.3783757710951,531.6189122157854,0.8
6_148_187_190,24262_24263_24264_24265,2018,1958137.7103418736,169.64677278943586,585.2805207496757,630.7980152460743,1.1
55,28035_28036,2018,499698.57610676246,170.30374047592113,612.7699142836592,949.1948157536108,1.5
181_180,29278_70249,2018,999514.3900847913,212.71347743540747,618.5372164422515,714.6937057167236,1.2
178,30927_30928,2018,510743.9755984696,223.2143212785748,310.13120944027514,0.0,0.0
143,31455_81004,2018,514288.87599509966,210.7703153357719,622.9792506433205,711.9337808733432,1.1
4,33668_33669,2018,524721.6388003868,208.5242037184881,558.1683070671169,756.7782372151473,1.4
3,33670_33671,2018,462084.5578080055,197.1596869912215,521.9516998735187,831.7819649790106,1.6
58_59,34596_48225_48226,2018,954984.8725352399,169.743990463369,521.1213721224043,533.7427934965295,1.0
16,34939_48437,2018,532670.3377676263,224.86703972795337,573.3429584429272,870.8127058731707,1.5
92_17,39156_55535,2018,977699.3701488442,213.3964857446107,562.0433059470978,550.0283462990657,1.0
230,39552_39554,2018,520340.3719492869,170.62464568045772,561.7956266720184,827.3049630544095,1.5
150,40010_40013,2018,515270.5214739154,212.6970348415503,542.3404021937729,1710.5908857510756,3.2
183,40011_40014,2018,502103.8052519566,197.84021702496653,597.6211911674676,701.1354380962191,1.2
134_133,43268_43270_43836,2018,1068425.8394325403,204.58172091608597,578.8552041492891,790.1472207432647,1.4
186,43269_43837_43838_43839_43840,2018,553946.6617420893,169.74399046336902,590.9763692956819,866.8594726801898,1.5
129_43_63_42,43271_43272_43273_43274,2018,2056839.5237503713,169.65322639041324,577.5807943082461,666.4362145374591,1.2
217_216,44451_44452,2018,1048741.7179753687,224.86703972795337,521.118169621589,671.0972607039184,1.3
144_112,48871_48872_70587_70588,2018,824286.976504277,223.2143212785748,441.3706051155356,754.7084015228081,1.7
109_139,50581_50582,2018,930136.0187147632,237.76828712390449,583.562681608076,762.9180261729236,1.3
194,77569_81269,2018,493773.6721047994,175.86877447151858,577.640011229828,546.92691501519,0.9
110,77646_77695_77696_80718,2018,1035833.6024911848,223.21432127857477,476.82076336702255,603.3868828569459,1.3
213,77666_83567,2018,590187.6449346853,234.17707970510529,558.538381491858,0.0,0.0
83_82,78771_78772_78773_78774_78775,2018,986711.2979513047,197.33559710092663,625.3761286520553,116.4423289756131,0.2
111_0,80717_80879_80880_80881_80926,2018,620184.9862179651,204.09254702332237,511.9659507508918,644.4867962145265,1.3
78,86032_86033_86035_86037,2018,507471.1176464944,175.8687744715186,634.3034618401819,0.0022164944939066155,0.0
41_40,19541_19542,2018,963365.1052552192,178.59090129936683,651.6824571572494,904.5302959012859,1.4
104,42891_64630_64631_64632_64633,2018,477775.98469349823,204.1381204698285,30.409414891392526,374.7011539732728,12.3
13_62,24574_29405,2018,1041634.1083605615,169.6597778169747,613.3160354085555,755.8935251791584,1.2
99_97,34561_34562,2018,1020934.0794635375,203.86778269279355,628.9139136330044,927.3842779536978,1.5
96,22352_70940,2018,537937.4505565749,203.86778269279355,507.62576204106836,660.5035150470391,1.3
232,18796,2018,552919.1582027525,186.67993439670903,105.61857277299855,0.0,0.0
52,18797,2018,484412.78477943694,186.9358118338374,40.26350205405667,0.0,0.0
125,18802,2018,492514.3163490836,218.7131591205582,322.8657538381215,749.7268922789842,2.3
11,18851,2018,522493.52348166535,209.58884935724845,574.614999168589,719.1046396841937,1.3
114,19292,2018,445619.7197179328,169.6467727894359,596.1671949893962,936.9654871516823,1.6
231,19293,2018,487190.533718758,177.49884307883605,582.7969067278217,816.3023335769667,1.4
174,19324,2018,493310.26984947576,210.77031533577187,437.16200614680935,736.6540129204122,1.7
175,19360,2018,475598.4635376476,208.1454084417862,653.0492161315929,640.2817096006339,1.0
19,19361,2018,511605.6456590738,218.7919387129611,499.8825517524458,869.2427803774119,1.7
72,19379,2018,500542.8945822364,178.5909012993668,614.4498819647029,49.09413625902701,0.1
113,19381,2018,670959.1792654588,178.59090129936683,364.64917744811135,379.73318628398886,1.0
44_238,19526,2018,1000931.1415734008,206.80328026960362,680.314700330477,1593.6219098958272,2.3
169,20046,2018,499581.6233239942,223.2143212785748,671.1646474807391,735.377046454949,1.1
18,20366,2018,522551.72969409154,224.86703972795337,615.8064127454987,944.787304606788,1.5
195,20487,2018,499845.7164586631,171.6090730269623,628.7839554018574,912.4887367580349,1.5
79,21426,2018,522538.4751924505,175.86877447151863,587.3208837412301,726.7082433965545,1.2
25,21428,2018,510719.0119634139,175.8687744715186,633.1690573998028,766.329799344352,1.2
119,21841,2018,513628.7439676051,169.6467727894359,643.5767231545349,757.3933542405686,1.2
80,21843,2018,510432.9485534853,171.63356215365212,603.7502712407606,759.1459389703347,1.3
50,21844,2018,506473.3941254873,171.67259498068,661.6405749261548,618.0289779147006,0.9
34,21929,2018,514504.6294201497,178.59090129936683,557.3266574968902,624.148629804466,1.1
141,21930,2018,496406.4663597428,188.70165423918712,586.9487909943554,671.2450350179815,1.1
197,22194,2018,501481.40175401705,172.52357761598088,611.0555903560181,1031.7145384661426,1.7
70,22195,2018,514665.1589520098,176.43749328043637,767.8932521020452,776.6129468213522,1.0
120,22316,2018,499808.709905754,188.70165423918715,487.5715169159526,673.6360480899667,1.4
102,22353,2018,498590.8829796372,203.86778269279358,706.6203497719188,835.2037178999902,1.2
158,22566,2018,475380.8064579826,169.64677278943586,489.2596998980352,784.7159584907469,1.6
193_192,22982,2018,1000454.8739600857,181.3594474524957,601.5652419508614,666.9161097142769,1.1
36,24272,2018,496483.11136665125,197.1596869912215,594.3378898248021,1020.7997959504445,1.7
85,26437,2018,520976.38019951305,210.8675357332097,514.3396465011939,363.42999749317414,0.7
147,27976,2018,504131.0550247752,176.42947594970278,715.3305049162724,796.8411418341568,1.1
145,28561,2018,494110.8824301865,223.2143212785748,642.5763567664886,760.0217185111534,1.2
177,29557,2018,487855.1427942134,231.38069900964132,470.232113944065,1284.145827717705,2.7
77,31062,2018,489959.3503281405,175.8687744715186,326.6553229135527,0.0,0.0
73,31063,2018,509278.0844294753,175.8687744715186,667.018550221495,0.0,0.0
153,31108,2018,496979.0707531118,175.8687744715186,623.4707500131582,589.5976466104606,0.9
156,31110,2018,488885.96798457066,175.86877447151863,630.5998842145028,647.1658483784523,1.0
155,31113,2018,483791.5951126535,175.8687744715186,636.6170617700019,623.6670599344893,1.0
152,31114,2018,491598.5843324519,175.8687744715186,496.06483223946213,0.0,0.0
142,31454,2018,532807.0859279409,210.77031533577187,641.882772799942,695.7367447448034,1.1
65,33018,2018,493740.8459204649,169.64677278943586,699.3725166732692,991.9826340118918,1.4
93,33019,2018,492895.1501213876,169.6467727894359,636.5920781569273,970.3499145961083,1.5
126,33817,2018,498928.7687007737,181.70326322244173,649.0813253235839,756.018576483852,1.2
159,33818,2018,500610.3310902529,181.68628349428135,633.9366349104333,684.2888456855297,1.1
128,35009,2018,528584.0098041092,169.64677278943591,684.3202453083261,1123.5906556983232,1.6
162,35012,2018,498863.5291880842,180.4063357054225,752.2931746552583,18.782268411302827,0.0
33,35013,2018,509698.5469838152,177.33286707300616,649.6005400278248,809.7866101597176,1.2
86,40402,2018,520783.8802223524,210.86753573320968,460.0873345011891,490.9979287963246,1.1
176,43397,2018,488411.775224572,210.92669434442163,358.3793569353584,853.2660875013943,2.4
89,46461,2018,533231.2393492024,211.1409849429868,447.13920246384197,486.2499498649973,1.1
84,47591,2018,504859.052077382,210.8675357332097,542.5593057490814,184.23954053502396,0.3
167,49185,2018,499917.1715361769,231.3806990096413,397.03072814011574,490.280972199538,1.2
87,50095,2018,523467.6309245799,210.8675357332097,234.54473989224905,236.59774267464536,1.0
196,63497,2018,464782.5091527717,196.3819371974546,628.0472679115214,1275.505594478253,2.0
219,67172,2018,504821.389072477,223.2143212785748,561.8808772103556,780.1745438158976,1.4
215,71748,2018,514904.50494420616,218.61453450081748,607.7306268573457,995.0333430079988,1.6
170,73899,2018,504765.1580461589,226.2281011861693,338.82383182839,500.3503451962995,1.5
49,76358,2018,489104.5052305265,175.8687744715186,547.1368396141285,0.0,0.0
124,78062,2018,484372.6802594928,175.8687744715186,564.8216911926723,585.8341842235617,1.0
220,78568,2018,386200.1407548472,223.2143212785748,480.3743087738784,617.7664426947015,1.3
130,78906,2018,497485.14607926254,178.59090129936683,541.0425302015055,748.1479423196814,1.4
132_8,18242_72370,2019,888724.9486979557,290.63096845149727,530.5244541223715,424.16229546719927,0.8
23_10,18786_18787_86252_86253,2019,996460.3133552922,304.84780931079877,466.6251612652907,1026.5105818292393,2.2
127,18788_18789,2019,460230.1209712059,304.34832521479836,359.30811122765147,428.6712449350789,1.2
47,18794_31111,2019,496100.9481887039,304.3483252147984,371.36065084648806,459.6295298322852,1.2
149_30,18834_19052,2019,974741.6237351613,307.925784962152,458.73129465318647,514.925679129346,1.1
151_32,18835_19053,2019,1060215.1907727085,305.4103151010321,365.7113124444641,1343.3129228068876,3.7
66_81,18927_18928,2019,1015127.5518166246,337.2699811987983,392.11847928831844,1289.1812637356024,3.3
173_122,18975_34950,2019,981944.019085176,320.5436567177005,414.56669324920756,615.4577046114387,1.5
35_229,18978_42019_42020,2019,954900.5352446184,287.00250588831005,558.5330307413735,812.6087848143798,1.5
46_229,18981_39553,2019,971151.3766229099,289.3335855654788,582.7048816712983,294.3982759098371,0.5
44_137,18988_80780,2019,1004986.2021841861,319.4632708302904,455.65906164310417,351.6381726499864,0.8
1,18989_80781,2019,481071.53314006777,320.5436567177005,453.9677256345769,682.4064551042096,1.5
48,18999_42021,2019,502448.0874323465,304.3483252147984,448.35457939427886,712.1216471256874,1.6
223_37_69,19014_83615_83616_83617,2019,1564039.7858082457,304.42470174871636,540.7074472796904,624.1774958902442,1.2
14_20_15_21,19145_29873_30102_36070_50650_81268,2019,1998714.4685218863,292.98028723481303,441.61966983888135,509.78940021123896,1.2
67_61,19191_24214,2019,923158.9681518418,315.4107082779443,294.3302278865012,336.40848027088333,1.1
57_56,19192_29765,2019,964236.8648114968,351.4095535012269,502.67731166179686,722.0772851832113,1.4
146_154,19378_20000_24605,2019,985431.7608195613,330.3873737341955,382.14140880686705,487.8376658457706,1.3
9_131,19492_20015,2019,1051985.8589295223,330.33750951229666,484.6496662100796,366.2472855879544,0.8
74_75,19563_19971_28160,2019,1035844.5513957406,303.1526339179575,433.28340178349,633.4746147805533,1.5
27_29,19760_28061,2019,1001830.770902378,307.82508412913137,501.443896887216,411.4944114997954,0.8
103_100,19904_24609_78905,2019,916970.9172217225,317.8903393724217,439.60511723095425,625.4498407887659,1.4
28,19965_78447,2019,521585.1496169952,305.34777531646745,172.37500406060502,169.20346349739012,1.0
22,19966_80581,2019,496116.7602497004,305.3608491421041,523.9312921937047,623.5041943842227,1.2
90_71,19972_19973_34948_46348,2019,1017577.8380540127,295.3523037567266,422.18734633636825,541.414892419339,1.3
184_188,20087_24607,2019,1005446.7907341067,305.34334537602837,488.4433789199166,691.2844964725952,1.4
179_182,20088_24606,2019,990768.2512270738,305.34681500979485,545.0602876189957,709.209473910298,1.3
45,20694_21399,2019,506553.433903848,300.0420380930829,579.9084293718906,532.3789601544461,0.9
160_53,21085_23462_23803,2019,1014827.1425503129,337.26998119879835,471.69747510359895,611.6376059359467,1.3
228_39,22648_22921,2019,995480.786856395,290.87389491487266,548.1414529933551,379.826351499319,0.7
31,22922_36321_36322,2019,533815.2813887175,292.6664469897646,565.04566553769,564.4965367629769,1.0
68_185,23272_28641,2019,969341.554489796,303.1093365790085,560.1517197915971,717.8541414549333,1.3
165_166,24127_24128,2019,1080329.3771531973,304.3483252147984,569.4355450930102,540.8642210978056,0.9
161_191,24129_24130,2019,993254.2394434838,298.6837424302043,605.5030147549146,671.3351508566026,1.1
6_148_187_190,24262_24263_24264_24265,2019,1958137.7103418736,295.94091302970634,496.1061263396699,666.1304986270192,1.3
55,28035_28036,2019,499698.57610676246,287.9911692393753,551.1997833274793,699.0126640772569,1.3
181_180,29278_70249,2019,999514.3900847913,306.5849316602251,525.76573164918,608.4504929200954,1.2
178,30927_30928,2019,510743.9755984696,309.0387770312247,464.98247293562997,246.0813538414718,0.5
143,31455_81004,2019,514288.87599509966,320.5436567177005,510.2759699979349,620.2665286195423,1.2
4,33668_33669,2019,524721.6388003868,307.83429834376227,480.6262973833296,586.2373248095086,1.2
3,33670_33671,2019,462084.5578080055,305.41031510103215,452.6155177335978,658.8994679335401,1.5
58_59,34596_48225_48226,2019,954984.8725352399,290.4539685942003,550.8335167099889,670.2177653136114,1.2
16,34939_48437,2019,532670.3377676263,308.5962818321328,552.0277223138709,529.4960249220974,1.0
92_17,39156_55535,2019,977699.3701488442,292.0444387712243,497.4751287279905,546.028830019363,1.1
230,39552_39554,2019,520340.3719492869,291.6596400926492,602.2968105799034,806.0550813519817,1.3
150,40010_40013,2019,515270.5214739154,306.5810893420812,287.60429233690655,330.8926634514885,1.2
183,40011_40014,2019,502103.8052519566,303.1093365790085,489.31432925169617,518.272530659066,1.1
171,42367_42368_42369_42370_56652,2019,489245.8583760368,304.3483252147984,435.52743672690633,490.654687169327,1.1
134_133,43268_43270_43836,2019,1068425.8394325403,298.7411054337787,423.51824198680595,471.39637996534844,1.1
186,43269_43837_43838_43839_43840,2019,553946.6617420893,290.4539685942003,498.89337113637134,562.7746217902227,1.1
129_43_63_42,43271_43272_43273_43274,2019,2056839.5237503713,295.5766731899514,517.5393020779297,518.6171782770609,1.0
217_216,44451_44452,2019,1048741.7179753687,308.59628183213283,469.0229487233448,540.8970302438365,1.2
135,44604_44605_44606_44607_44609_44610,2019,506211.50570204447,308.76246163189785,523.4022320415074,655.1931455377834,1.3
144_112,48871_48872_70587_70588,2019,824286.976504277,309.03877703122464,506.4053510105317,541.7583628389415,1.1
109_139,50581_50582,2019,930136.0187147632,286.3762309718485,453.6512123284427,952.5012921457147,2.1
194,77569_81269,2019,493773.6721047994,304.3483252147984,284.9673562054054,235.26800427574045,0.8
110,77646_77695_77696_80718,2019,1035833.6024911848,309.03877703122464,441.38343112843296,540.6801084462966,1.2
213,77666_83567,2019,590187.6449346853,296.5663979932825,236.22985342125622,2052.507238882536,8.7
83_82,78771_78772_78773_78774_78775,2019,986711.2979513047,315.8555902886481,495.76594498801165,604.3709404830688,1.2
111_0,80717_80879_80880_80881_80926,2019,620184.9862179651,304.5703859245277,390.80653012091574,576.705511320481,1.5
78,86032_86033_86035_86037,2019,507471.1176464944,304.34832521479836,546.6398004692833,291.59402498800364,0.5
41_40,19541_19542,2019,963365.1052552192,317.88868528577643,500.08651143818116,716.8838164324538,1.4
104,42891_64630_64631_64632_64633,2019,477775.98469349823,306.37262598811003,401.48845026493433,512.6694259150887,1.3
13_62,24574_29405,2019,1041634.1083605615,295.2069120954478,532.1034490997409,693.7419971230449,1.3
99_97,34561_34562,2019,1020934.0794635375,300.36586538987194,463.7792324133171,683.2747028425996,1.5
96,22352_70940,2019,537937.4505565749,300.36586538987194,469.7288823136645,508.5841177728138,1.1
232,18796,2019,552919.1582027525,332.0834317761309,126.11048403255859,0.0,0.0
52,18797,2019,484412.78477943694,332.73986346657904,235.0615053998253,334.40074161906455,1.4
125,18802,2019,492514.3163490836,293.4755660586748,287.39011132310856,593.0655915047604,2.1
11,18851,2019,522493.52348166535,306.7844350589853,461.07123226585975,538.4761706450165,1.2
114,19292,2019,445619.7197179328,295.94091302970645,452.7495483852019,903.3519564838747,2.0
231,19293,2019,487190.533718758,315.2089110531163,404.3070320402499,654.6968487486087,1.6
174,19324,2019,493310.26984947576,320.5436567177005,440.0249374146651,863.4966257701449,2.0
175,19360,2019,475598.4635376476,290.63096845149727,536.2332750069785,667.1521310265991,1.2
19,19361,2019,511605.6456590738,293.496771729291,486.0765419916344,805.7365598804816,1.7
72,19379,2019,500542.8945822364,317.8886852857764,502.48644813894526,704.1840201523531,1.4
113,19381,2019,670959.1792654588,317.8886852857764,474.9879746569015,563.4697000206768,1.2
44_238,19526,2019,1000931.1415734008,318.36187366477867,512.1192624188523,515.2628775099057,1.0
169,20046,2019,499581.6233239942,309.03877703122464,547.2442912214109,624.4058595554063,1.1
18,20366,2019,522551.72969409154,308.5962818321327,547.4349173390665,600.5631465636244,1.1
195,20487,2019,499845.7164586631,298.5924499097624,498.1846442742651,568.2633608151544,1.1
79,21426,2019,522538.4751924505,304.34832521479836,479.69636645057176,593.9933451358274,1.2
25,21428,2019,510719.0119634139,304.3483252147984,602.5617305592189,534.3249861181591,0.9
119,21841,2019,513628.7439676051,295.9409130297064,506.7558532300378,555.75142536033,1.1
80,21843,2019,510432.9485534853,298.6255405761833,475.8638341217345,609.1707685136622,1.3
50,21844,2019,506473.3941254873,298.67828325970277,382.00857894082947,238.43705954087315,0.6
34,21929,2019,514504.6294201497,317.8886852857764,546.5342420934705,484.8145646265653,0.9
141,21930,2019,496406.4663597428,337.2699811987984,507.33722448270913,497.51057738873186,1.0
197,22194,2019,501481.40175401705,293.8830600318627,585.7241734912393,697.4352105914332,1.2
70,22195,2019,514665.1589520098,298.65351488012453,621.4976460132184,579.3530330422138,0.9
120,22316,2019,499808.709905754,337.2699811987984,407.8100409361376,486.4063671128131,1.2
102,22353,2019,498590.8829796372,300.3658653898719,502.0913115916703,608.2194480827399,1.2
158,22566,2019,475380.8064579826,295.94091302970645,501.7867825932201,666.5036377188637,1.3
76,22567,2019,503186.8506073771,295.9409130297064,553.7392885944885,1332.393215381458,2.4
193_192,22982,2019,1000454.8739600857,318.4341773596735,524.8512451762992,524.1992935024485,1.0
36,24272,2019,496483.11136665125,305.4103151010321,483.7733556952346,780.3348414630007,1.6
85,26437,2019,520976.38019951305,287.533500396243,415.1910404619293,260.9069604939207,0.6
147,27976,2019,504131.0550247752,298.7337956396178,555.5868282585633,577.2433559477876,1.0
145,28561,2019,494110.8824301865,309.03877703122464,546.5847054380406,620.4527844967164,1.1
177,29557,2019,487855.1427942134,292.57794897328773,436.14404728068814,557.8699500296241,1.3
164,29895,2019,490848.5500170222,309.0387770312247,496.4741115144345,514.7299968819182,1.0
168,30913,2019,505420.09856443474,292.57794897328773,403.5503077434812,1046.4396815305645,2.6
153,31108,2019,496979.0707531118,304.34832521479836,462.45297808981485,480.47510136706154,1.0
156,31110,2019,488885.96798457066,304.3483252147984,478.92032570866843,995.1769186554469,2.1
155,31113,2019,483791.5951126535,304.3483252147985,489.77720764164843,566.3427464931009,1.2
152,31114,2019,491598.5843324519,304.3483252147984,522.6681546070656,550.8359316307391,1.1
142,31454,2019,532807.0859279409,320.5436567177005,423.4498518586154,592.9822384365937,1.4
65,33018,2019,493740.8459204649,295.94091302970634,558.2385876619475,718.3273877710261,1.3
93,33019,2019,492895.1501213876,295.94091302970645,512.2155916388737,664.2550759029349,1.3
126,33817,2019,498928.7687007737,323.85476988685434,513.1502299501078,560.0551477671619,1.1
159,33818,2019,500610.3310902529,323.8222214566873,489.57928130071457,539.8963102726556,1.1
128,35009,2019,528584.0098041092,295.9409130297064,410.5001731435218,635.7648025280713,1.5
162,35012,2019,498863.5291880842,320.60534841208465,567.0966019935937,624.8840607258877,1.1
33,35013,2019,509698.5469838152,314.80162670206107,517.5394610848073,663.4453769701295,1.3
86,40402,2019,520783.8802223524,287.533500396243,410.05547653777916,485.958559914439,1.2
176,43397,2019,488411.775224572,287.54804825354216,394.1283256283103,460.4482133421927,1.2
89,46461,2019,533231.2393492024,287.6007450458624,379.360445109194,412.4675545799472,1.1
26,46505,2019,507704.2287743484,305.4103151010321,592.6316493228712,673.7922079754125,1.1
84,47591,2019,504859.052077382,287.53350039624297,419.8665831553423,363.9705658607167,0.9
167,49185,2019,499917.1715361769,292.57794897328773,389.95531621252223,422.7441551379206,1.1
157,49188,2019,504360.4301418428,287.6158521149395,426.324966291153,382.69075522482655,0.9
87,50095,2019,523467.6309245799,287.533500396243,391.64673810988995,519.8632637501289,1.3
24,51647,2019,498886.8414981245,292.66644698976467,633.5063016092189,792.7231958395394,1.3
196,63497,2019,464782.5091527717,263.9042466526468,532.425179953792,1113.8918717567938,2.1
219,67172,2019,504821.389072477,309.03877703122464,526.0552892283404,612.8678810422605,1.2
215,71748,2019,514904.50494420616,294.43516240301943,516.3022007658882,881.273657237203,1.7
170,73899,2019,504765.1580461589,295.49841717124497,431.917491870932,564.0321258758486,1.3
49,76358,2019,489104.5052305265,304.3483252147984,417.40027126378993,526.2979890475289,1.3
124,78062,2019,484372.6802594928,304.3483252147984,441.13508469392684,554.5370656662585,1.3
220,78568,2019,386200.1407548472,309.03877703122464,472.29866090880546,624.3565461820846,1.3
130,78906,2019,497485.14607926254,317.8886852857764,343.8795138852529,633.6464499320741,1.8
132_8,18242_72370,2020,888724.9486979557,88.98282106986315,790.3174630544222,945.8351425181954,1.2
23_10,18786_18787_86252_86253,2020,996460.3133552922,74.09384432323796,715.0407754576636,695.1494318099651,1.0
127,18788_18789,2020,460230.1209712059,69.2088610503787,524.3290060921672,255.36576895840702,0.5
47,18794_31111,2020,496100.9481887039,69.20886105037872,588.802936183637,557.5295140540247,0.9
149_30,18834_19052,2020,974741.6237351613,91.55798384110057,615.8311531190542,700.860135530407,1.1
151_32,18835_19053,2020,1060215.1907727085,79.5951834012781,777.5524879711334,535.9536306566835,0.7
66_81,18927_18928,2020,1015127.5518166246,73.20360001774122,708.2235068254827,501.8031031069717,0.7
173_122,18975_34950,2020,981944.019085176,82.49136965263648,705.2471315609996,759.3178923041057,1.1
35_229,18978_42019_42020,2020,954900.5352446184,70.40728257391393,882.7838256489193,1061.3330989129627,1.2
46_229,18981_39553,2020,971151.3766229099,69.73011100776907,910.1945387736447,525.972892185117,0.6
44_137,18988_80780,2020,1004986.2021841861,81.71361568494576,801.238604952519,449.16212026770876,0.6
1,18989_80781,2020,481071.53314006777,82.49136965263648,786.0224437173978,945.4247352113497,1.2
48,18999_42021,2020,502448.0874323465,69.2088610503787,867.3654586454054,935.562791096971,1.1
223_37_69,19014_83615_83616_83617,2020,1564039.7858082457,85.82171867959374,712.2881998445254,755.2467643079074,1.1
14_20_15_21,19145_29873_30102_36070_50650_81268,2020,1998714.4685218863,94.11513226823931,679.1186805202126,423.7946178172211,0.6
67_61,19191_24214,2020,923158.9681518418,78.79623529231644,289.4736328348842,337.9584663210581,1.2
57_56,19192_29765,2020,964236.8648114968,91.47239382486626,811.8353946192977,1030.0174488846587,1.3
146_154,19378_20000_24605,2020,985431.7608195613,71.82046942753588,550.2014606473766,513.4728013476406,0.9
9_131,19492_20015,2020,1051985.8589295223,71.81044870050472,745.6787620958548,876.5851862851295,1.2
74_75,19563_19971_28160,2020,1035844.5513957406,82.58372392271674,675.3122708415175,768.9620608735405,1.1
27_29,19760_28061,2020,1001830.770902378,91.07908167329028,760.1649938007392,740.4469838827922,1.0
103_100,19904_24609_78905,2020,916970.9172217225,69.31037104749936,831.7131817137785,917.6206336302339,1.1
28,19965_78447,2020,521585.1496169952,78.98354070045534,571.5941226440673,573.8222748007513,1.0
22,19966_80581,2020,496116.7602497004,79.11140346937576,786.7229747732101,928.5298832478785,1.2
90_71,19972_19973_34948_46348,2020,1017577.8380540127,72.90040049128982,725.0752801491824,682.3253898733373,0.9
184_188,20087_24607,2020,1005446.7907341067,68.45245779723686,740.3950118940819,726.5201911264979,1.0
179_182,20088_24606,2020,990768.2512270738,68.93747107567441,812.8223541695968,873.6552619903587,1.1
45,20694_21399,2020,506553.433903848,87.83356766593138,719.2146522167337,822.3964220898605,1.1
160_53,21085_23462_23803,2020,1014827.1425503129,73.20360001774122,788.1946043114141,940.2909242178322,1.2
228_39,22648_22921,2020,995480.786856395,72.86470089736598,735.5529536832748,1071.0392636203874,1.5
31,22922_36321_36322,2020,533815.2813887175,74.00254839457104,833.6410554868758,985.153176094922,1.2
68_185,23272_28641,2020,969341.554489796,83.98939703326558,803.1040574605742,1114.6248643271738,1.4
165_166,24127_24128,2020,1080329.3771531973,69.20886105037873,821.599631594581,841.1411155802695,1.0
161_191,24129_24130,2020,993254.2394434838,68.26683692005868,867.9964278238557,948.3510001077784,1.1
6_148_187_190,24262_24263_24264_24265,2020,1958137.7103418736,67.81070244751758,813.67472839113,863.8431651096347,1.1
55,28035_28036,2020,499698.57610676246,70.76641449706149,826.343715201248,847.0182868209661,1.0
181_180,29278_70249,2020,999514.3900847913,92.24336987183042,747.3872620298506,893.7906408480717,1.2
178,30927_30928,2020,510743.9755984696,98.07085338732747,719.5732640257658,816.8487712573385,1.1
143,31455_81004,2020,514288.87599509966,82.49136965263648,727.0111711506055,950.3024948800328,1.3
4,33668_33669,2020,524721.6388003868,91.12290164209324,751.8069647972361,848.8785723972885,1.1
3,33670_33671,2020,462084.5578080055,79.5951834012781,738.1210133107996,1880.8574329143405,2.5
58_59,34596_48225_48226,2020,954984.8725352399,69.80807133593626,499.0848351285724,553.9504439851578,1.1
16,34939_48437,2020,532670.3377676263,98.07085338732747,785.5409515472307,1003.9169019674783,1.3
92_17,39156_55535,2020,977699.3701488442,91.91192771848145,753.4134081270557,667.2223039663269,0.9
230,39552_39554,2020,520340.3719492869,69.05439923243635,884.7816739362644,1014.3606659855564,1.1
150,40010_40013,2020,515270.5214739154,92.23424499138397,596.8840444726142,898.6670129458687,1.5
183,40011_40014,2020,502103.8052519566,83.98939703326558,632.8105544269729,703.5057282224278,1.1
171,42367_42368_42369_42370_56652,2020,489245.8583760368,69.20886105037872,595.6475614255164,635.7184041376088,1.1
134_133,43268_43270_43836,2020,1068425.8394325403,87.31881306901927,799.7054310613003,923.8094993475047,1.2
186,43269_43837_43838_43839_43840,2020,553946.6617420893,69.80807133593628,729.2370698127281,843.1198207331395,1.2
129_43_63_42,43271_43272_43273_43274,2020,2056839.5237503713,67.94329378909302,840.1530641155092,805.8703913100355,1.0
217_216,44451_44452,2020,1048741.7179753687,98.07085338732747,760.2806682364981,882.4355829852656,1.2
135,44604_44605_44606_44607_44609_44610,2020,506211.50570204447,98.07085338732747,806.754380242534,1001.1102339013506,1.2
144_112,48871_48872_70587_70588,2020,824286.976504277,98.07085338732749,734.1191882900797,744.4504782972991,1.0
60,48948_55727,2020,508144.73208381154,70.77152249896093,829.6152505351774,872.7569129488887,1.1
109_139,50581_50582,2020,930136.0187147632,104.05927104485207,629.485695374766,1010.4494200860332,1.6
194,77569_81269,2020,493773.6721047994,69.2088610503787,566.5135700720278,557.9225670333302,1.0
110,77646_77695_77696_80718,2020,1035833.6024911848,98.07085338732749,683.0384510910187,860.1743948047928,1.3
213,77666_83567,2020,590187.6449346853,103.56943171159799,302.67951339741876,405.4914200790567,1.3
83_82,78771_78772_78773_78774_78775,2020,986711.2979513047,77.09290207580845,759.8161530651972,821.9328164412676,1.1
111_0,80717_80879_80880_80881_80926,2020,620184.9862179651,87.45915151614619,640.7504927916108,744.0071789427957,1.2
38_198_136,85131_85132_85133_85134,2020,1371164.9818296316,120.42101670532142,570.6545104994783,426.1092501426639,0.7
78,86032_86033_86035_86037,2020,507471.1176464944,69.2088610503787,878.0370664970739,1018.214349518305,1.2
41_40,19541_19542,2020,963365.1052552192,69.30872973885731,747.8796453175104,773.9813139334814,1.0
104,42891_64630_64631_64632_64633,2020,477775.98469349823,80.46351939830053,705.7139993256859,1203.5336414163212,1.7
13_62,24574_29405,2020,1041634.1083605615,68.07789498926815,834.4955394738594,993.9545593170119,1.2
99_97,34561_34562,2020,1020934.0794635375,86.98545081234055,707.8199657114394,922.8681933434432,1.3
96,22352_70940,2020,537937.4505565749,86.98545081234055,756.3249203969209,395.5294586127003,0.5
232,18796,2020,552919.1582027525,72.57426013596314,67.3383980049184,0.0,0.0
52,18797,2020,484412.78477943694,72.65391206035362,454.29338714272666,442.85680728123225,1.0
125,18802,2020,492514.3163490836,94.87762455285191,705.9631210917858,972.2331306842152,1.4
11,18851,2020,522493.52348166535,91.01452006647288,709.1107254545502,696.965302283499,1.0
114,19292,2020,445619.7197179328,67.81070244751758,724.8011590306647,1008.0491426048596,1.4
231,19293,2020,487190.533718758,69.12582393464434,836.4803029313177,1009.7021183196305,1.2
174,19324,2020,493310.26984947576,82.49136965263648,832.7369346724752,1026.4222403381666,1.2
175,19360,2020,475598.4635376476,88.98282106986314,752.0037375194428,797.9782912690711,1.1
19,19361,2020,511605.6456590738,94.92156864557353,725.0569017982456,1109.7421618328715,1.5
72,19379,2020,500542.8945822364,69.3087297388573,793.8556170082887,807.4422603134062,1.0
113,19381,2020,670959.1792654588,69.3087297388573,776.6525918281695,939.7371389587714,1.2
44_238,19526,2020,1000931.1415734008,80.92073600606224,794.8878625482474,701.6984463205467,0.9
169,20046,2020,499581.6233239942,98.07085338732747,739.3993500971068,799.6320573474991,1.1
18,20366,2020,522551.72969409154,98.07085338732747,694.4012160247419,1013.1931450125633,1.5
195,20487,2020,499845.7164586631,68.25165490923023,686.5871580247971,840.5900163836712,1.2
79,21426,2020,522538.4751924505,69.20886105037872,755.5396011663117,755.8084478896424,1.0
25,21428,2020,510719.0119634139,69.20886105037869,865.5468105462647,821.7131141074551,0.9
119,21841,2020,513628.7439676051,67.81070244751758,813.5905462923951,819.6979767587861,1.0
80,21843,2020,510432.9485534853,68.25715791050011,791.6543820014379,865.1067378372129,1.1
50,21844,2020,506473.3941254873,68.26592905613651,876.1755311869161,1124.0518817813963,1.3
34,21929,2020,514504.6294201497,69.3087297388573,856.6178486983001,822.8861822696415,1.0
141,21930,2020,496406.4663597428,73.20360001774124,729.9598744427888,700.321516909759,1.0
197,22194,2020,501481.40175401705,69.8765058381698,775.108364906896,1057.5804542002675,1.4
70,22195,2020,514665.1589520098,71.54574042054553,887.4552122962764,933.4459145014637,1.1
120,22316,2020,499808.709905754,73.20360001774124,818.1398658358644,791.6420211211977,1.0
102,22353,2020,498590.8829796372,86.98545081234055,811.7064330095922,939.2777176543098,1.2
158,22566,2020,475380.8064579826,67.8107024475176,750.9987141326875,768.979690804502,1.0
76,22567,2020,503186.8506073771,67.8107024475176,784.5257202308959,634.4121319781317,0.8
193_192,22982,2020,1000454.8739600857,70.91804914465237,739.9218397000953,720.3455262345232,1.0
36,24272,2020,496483.11136665125,79.5951834012781,639.7607954231497,673.8755354988134,1.1
85,26437,2020,520976.38019951305,91.08005939083858,551.1729643526857,540.928545611082,1.0
147,27976,2020,504131.0550247752,71.51279701424112,834.428204619675,926.7632660084317,1.1
145,28561,2020,494110.8824301865,98.07085338732747,726.1629792581498,831.6456026364328,1.1
177,29557,2020,487855.1427942134,101.16677624180167,661.0683255547381,569.8945109863351,0.9
164,29895,2020,490848.5500170222,98.07085338732747,702.7073577167348,679.3196492053502,1.0
168,30913,2020,505420.09856443474,101.16677624180168,617.8354979083348,627.9727080410721,1.0
77,31062,2020,489959.3503281405,69.20886105037872,422.8271274014599,156.79835002022605,0.4
73,31063,2020,509278.0844294753,69.2088610503787,838.0641975378016,806.9215798761408,1.0
153,31108,2020,496979.0707531118,69.2088610503787,739.9444653756221,696.9736522507243,0.9
156,31110,2020,488885.96798457066,69.2088610503787,667.77128344403,611.3587034347545,0.9
155,31113,2020,483791.5951126535,69.2088610503787,779.3602940535602,827.4511093761189,1.1
152,31114,2020,491598.5843324519,69.2088610503787,711.2795479578563,833.6072009607483,1.2
142,31454,2020,532807.0859279409,82.49136965263646,786.9555406842563,905.9064056456886,1.2
65,33018,2020,493740.8459204649,67.81070244751758,883.8120771234367,1107.155415844046,1.3
93,33019,2020,492895.1501213876,67.81070244751758,856.0594406342949,984.0401791321527,1.1
126,33817,2020,498928.7687007737,70.50767565549232,796.3267210489632,769.0736985041951,1.0
159,33818,2020,500610.3310902529,70.50113471448144,781.0464182937415,870.9908392516762,1.1
128,35009,2020,528584.0098041092,67.81070244751758,907.289345218635,957.7116613194344,1.1
162,35012,2020,498863.5291880842,70.23941962382783,834.9441163220023,886.6764388722278,1.1
33,35013,2020,509698.5469838152,69.09802507350722,872.7951379562095,1060.1841052485242,1.2
86,40402,2020,520783.8802223524,91.0800593908386,594.4388160778032,567.387288852996,1.0
176,43397,2020,488411.775224572,91.10914881758934,615.1148514923917,612.2460054733253,1.0
163,46287,2020,523984.4590499961,71.58161882985796,826.2285924887121,757.7936013222974,0.9
89,46461,2020,533231.2393492024,91.21451962571004,648.0907314162843,516.9119342816031,0.8
26,46505,2020,507704.2287743484,79.5951834012781,737.4235759717375,808.7445036969464,1.1
84,47591,2020,504859.052077382,91.0800593908386,628.7798578073981,673.3200913140751,1.1
167,49185,2020,499917.1715361769,101.16677624180168,582.696463577986,537.2169273764097,0.9
157,49188,2020,504360.4301418428,91.24472723431202,592.2294173543398,498.73411443628544,0.8
87,50095,2020,523467.6309245799,91.0800593908386,540.249617468486,824.3193611262125,1.5
24,51647,2020,498886.8414981245,74.00254839457105,875.8290852558916,1018.1910889471754,1.2
196,63497,2020,464782.5091527717,87.08531944129287,770.1671469707397,1363.0413849152956,1.8
219,67172,2020,504821.389072477,98.07085338732747,767.3711775423885,851.1554002973993,1.1
215,71748,2020,514904.50494420616,94.82057657835358,734.7545398792327,945.777178172512,1.3
170,73899,2020,504765.1580461589,99.06953899229882,749.7456345823307,830.39882607982,1.1
49,76358,2020,489104.5052305265,69.2088610503787,480.6581189262344,572.2930320648996,1.2
124,78062,2020,484372.6802594928,69.2088610503787,492.53092438929093,319.6175850877187,0.6
220,78568,2020,386200.1407548472,98.07085338732747,734.6954014161851,842.6789328704127,1.1
130,78906,2020,497485.14607926254,69.30872973885728,692.4641105752786,926.2842021738959,1.3
132_8,18242_72370,2021,888724.9486979557,247.87349907122345,577.9573608152939,835.2406659105898,1.4
23_10,18786_18787_86252_86253,2021,996460.3133552922,222.08815437420796,610.100760217775,624.1021453372624,1.0
127,18788_18789,2021,460230.1209712059,217.66841222152846,396.3354277935487,394.94698055599224,1.0
47,18794_31111,2021,496100.9481887039,217.66841222152848,422.52239260227805,448.9891711124911,1.1
149_30,18834_19052,2021,974741.6237351613,231.44585670419977,638.1633369994896,605.4876634799334,0.9
151_32,18835_19053,2021,1060215.1907727085,227.06555119652467,588.5130316649781,537.4864089757458,0.9
66_81,18927_18928,2021,1015127.5518166246,223.5176521582263,619.8270696193981,633.6525556089862,1.0
173_122,18975_34950,2021,981944.019085176,223.13409610864792,605.8003359095328,648.0660960620359,1.1
35_229,18978_42019_42020,2021,954900.5352446184,211.4356152636275,738.7600937710253,939.2313223997485,1.3
46_229,18981_39553,2021,971151.3766229099,210.06021473820562,769.4091543419171,421.05630868559183,0.5
44_137,18988_80780,2021,1004986.2021841861,223.03318164416265,629.2939627055573,438.1451188314481,0.7
1,18989_80781,2021,481071.53314006777,223.1340961086479,746.0951979373331,841.9789096859784,1.1
48,18999_42021,2021,502448.0874323465,217.66841222152848,633.5090305358267,739.6430746975769,1.2
223_37_69,19014_83615_83616_83617,2021,1564039.7858082457,234.99139439803963,577.274971477137,623.2304528003316,1.1
14_20_15_21,19145_29873_30102_36070_50650_81268,2021,1998714.4685218863,248.7279442857167,572.1815332905657,604.6471619926317,1.1
67_61,19191_24214,2021,923158.9681518418,222.65464821038785,453.46577643005196,370.12272710828444,0.8
57_56,19192_29765,2021,964236.8648114968,244.98424765159302,662.5310273822172,1161.3991054568369,1.8
146_154,19378_20000_24605,2021,985431.7608195613,221.50859669002955,550.280152061632,563.4680087449591,1.0
9_131,19492_20015,2021,1051985.8589295223,221.49404116173767,718.6380323009568,727.6589067068123,1.0
74_75,19563_19971_28160,2021,1035844.5513957406,233.18366587838239,439.6367478535205,513.1456832227951,1.2
27_29,19760_28061,2021,1001830.770902378,231.27050162627722,632.3564832642649,635.4276717953651,1.0
103_100,19904_24609_78905,2021,916970.9172217225,217.86343346659552,653.5106667831957,712.793530438216,1.1
28,19965_78447,2021,521585.1496169952,226.5121607597077,579.4300671899509,550.6318847461815,1.0
22,19966_80581,2021,496116.7602497004,226.62784600119028,658.9725417438809,696.4087956040179,1.1
90_71,19972_19973_34948_46348,2021,1017577.8380540127,219.3667919947411,645.3168123552683,579.9989014901403,0.9
184_188,20087_24607,2021,1005446.7907341067,211.1733428163697,687.0443512178359,663.5861306676205,1.0
179_182,20088_24606,2021,990768.2512270738,212.12212156537728,667.0346718474789,655.4983870668349,1.0
45,20694_21399,2021,506553.433903848,218.23178489972727,570.7430228904626,682.3033426514527,1.2
160_53,21085_23462_23803,2021,1014827.1425503129,223.5176521582263,672.1307085025383,778.3946496412194,1.2
228_39,22648_22921,2021,995480.786856395,217.2032833694584,692.2511155597333,915.2748748603672,1.3
31,22922_36321_36322,2021,533815.2813887175,219.87386112836035,727.356154646991,835.4594695252828,1.1
68_185,23272_28641,2021,969341.554489796,235.6955757861881,675.3189619700388,856.9365679164305,1.3
165_166,24127_24128,2021,1080329.3771531973,217.66841222152848,599.5761067883305,635.2778052586285,1.1
161_191,24129_24130,2021,993254.2394434838,209.9156510424683,559.6014483606278,599.6945730440874,1.1
6_148_187_190,24262_24263_24264_24265,2021,1958137.7103418736,206.1617115017214,673.4048269535193,779.0873480241845,1.2
55,28035_28036,2021,499698.57610676246,209.4756979317132,713.9023086616452,829.0494876192773,1.2
181_180,29278_70249,2021,999514.3900847913,237.1569394857557,639.6828856883279,743.5983403315106,1.2
178,30927_30928,2021,510743.9755984696,238.18869389492656,672.3843392766589,831.681512668892,1.2
143,31455_81004,2021,514288.87599509966,223.1340961086479,726.5679834979095,679.4520413361638,0.9
4,33668_33669,2021,524721.6388003868,231.2865467698587,568.4308574513814,795.241572118764,1.4
3,33670_33671,2021,462084.5578080055,227.06555119652464,557.9994679888873,939.0510631612422,1.7
58_59,34596_48225_48226,2021,954984.8725352399,209.6137210346685,436.6116499683793,637.2505175470515,1.5
16,34939_48437,2021,532670.3377676263,247.9693892052731,608.3822691964831,1003.8458372605412,1.7
92_17,39156_55535,2021,977699.3701488442,248.37471749895553,573.4548788494785,589.3846705809286,1.0
230,39552_39554,2021,520340.3719492869,208.6877791882044,699.4346649045782,870.0673490985897,1.2
150,40010_40013,2021,515270.5214739154,237.15532392809553,676.0044407233509,765.8939918934736,1.1
183,40011_40014,2021,502103.8052519566,235.69557578618807,655.9613505682071,684.4921413957768,1.0
171,42367_42368_42369_42370_56652,2021,489245.8583760368,217.66841222152846,521.180230136889,469.911182241439,0.9
134_133,43268_43270_43836,2021,1068425.8394325403,248.5924661825506,623.4494186999343,752.9495251734749,1.2
186,43269_43837_43838_43839_43840,2021,553946.6617420893,209.61372103466846,583.5665108122287,712.2237260164661,1.2
129_43_63_42,43271_43272_43273_43274,2021,2056839.5237503713,206.39086625513474,676.707307211837,703.96747870233,1.0
217_216,44451_44452,2021,1048741.7179753687,247.96938920527313,639.8369780480269,777.9434713722848,1.2
135,44604_44605_44606_44607_44609_44610,2021,506211.50570204447,244.29623299578404,605.6334667490548,892.5159656649031,1.5
144_112,48871_48872_70587_70588,2021,824286.976504277,238.1886938949266,606.3246205027601,648.741518053794,1.1
60,48948_55727,2021,508144.73208381154,209.47496226384294,693.2498705593383,792.3250446942469,1.1
109_139,50581_50582,2021,930136.0187147632,248.88226371300806,568.1300558410777,1003.0022139086878,1.8
194,77569_81269,2021,493773.6721047994,217.66841222152848,563.2263295320986,502.78823029150766,0.9
110,77646_77695_77696_80718,2021,1035833.6024911848,238.18869389492656,541.8684817610313,737.2860736259993,1.4
213,77666_83567,2021,590187.6449346853,255.1709381583877,596.1311569627696,683.2640779528514,1.1
83_82,78771_78772_78773_78774_78775,2021,986711.2979513047,221.79387804544777,482.9286619850322,586.8781678410411,1.2
111_0,80717_80879_80880_80881_80926,2021,620184.9862179651,236.3098948961326,493.3749998143002,586.6911197929403,1.2
38_198_136,85131_85132_85133_85134,2021,1371164.9818296316,266.01162296269877,423.9065552208768,448.7832552931359,1.1
78,86032_86033_86035_86037,2021,507471.1176464944,217.66841222152846,771.8401437997215,974.9366759579362,1.3
41_40,19541_19542,2021,963365.1052552192,217.8601889460552,709.6371773897231,693.5473607405816,1.0
104,42891_64630_64631_64632_64633,2021,477775.98469349823,219.2985782564547,534.2784839372747,904.2148201215276,1.7
13_62,24574_29405,2021,1041634.1083605615,206.62349460377933,679.3499605163332,886.4316126430667,1.3
99_97,34561_34562,2021,1020934.0794635375,248.73650184739668,673.178332448604,912.3492015213645,1.4
232,18796,2021,552919.1582027525,222.596150152635,-48.270068316875765,0.0,-0.0
52,18797,2021,484412.78477943694,222.71277935444002,298.065823573569,346.0851418622682,1.2
125,18802,2021,492514.3163490836,248.88219711058204,657.7719231089579,926.002559906756,1.4
11,18851,2021,522493.52348166535,234.57377425480843,594.6043846096019,683.3376712443699,1.1
114,19292,2021,445619.7197179328,206.16171150172144,608.3787900679656,1013.4347828483247,1.7
231,19293,2021,487190.533718758,216.4318308397756,632.6782491121529,779.3488413012008,1.2
174,19324,2021,493310.26984947576,223.1340961086479,698.5516857385292,898.7201978066927,1.3
175,19360,2021,475598.4635376476,247.87349907122345,502.9283553087538,631.9006214011263,1.3
19,19361,2021,511605.6456590738,248.88971666917203,594.6462999661012,770.1248344637598,1.3
72,19379,2021,500542.8945822364,217.8601889460552,658.9812239201509,733.3764158843616,1.1
113,19381,2021,670959.1792654588,217.86018894605522,660.6840660858198,653.721303947515,1.0
44_238,19526,2021,1000931.1415734008,222.93030460139641,627.5803118074815,545.6805759488374,0.9
169,20046,2021,499581.6233239942,238.18869389492656,746.7242928013641,671.3394998390743,0.9
18,20366,2021,522551.72969409154,247.96938920527307,558.5731904373067,911.4355637163729,1.6
195,20487,2021,499845.7164586631,209.79070466330208,604.9117421682947,558.2471137968446,0.9
79,21426,2021,522538.4751924505,217.66841222152848,610.3246171856605,703.8453493512029,1.2
25,21428,2021,510719.0119634139,217.66841222152846,770.5729550113685,754.8591189654319,1.0
119,21841,2021,513628.7439676051,206.16171150172144,645.3001586525509,617.3662227484033,1.0
80,21843,2021,510432.9485534853,209.83599379469524,644.1844760449555,809.7235319345067,1.3
50,21844,2021,506473.3941254873,209.90817941626972,683.2496336439374,890.9886623072844,1.3
34,21929,2021,514504.6294201497,217.8601889460552,742.9176181010662,611.0451357669835,0.8
141,21930,2021,496406.4663597428,223.5176521582263,585.4272481422381,649.5501514664222,1.1
197,22194,2021,501481.40175401705,211.98296185795945,788.9938338295811,889.4347842211422,1.1
70,22195,2021,514665.1589520098,218.74354868376946,745.2020780301993,909.1796808488288,1.2
120,22316,2021,499808.709905754,223.5176521582263,702.6112512943894,712.8905861954081,1.0
102,22353,2021,498590.8829796372,248.73650184739668,691.1227326802901,790.5083840399324,1.1
158,22566,2021,475380.8064579826,206.16171150172144,623.7365520348263,594.145632032115,1.0
76,22567,2021,503186.8506073771,206.16171150172144,553.5831940407899,506.78825212604096,0.9
193_192,22982,2021,1000454.8739600857,220.17106667330685,600.9965839289013,665.0204835067372,1.1
36,24272,2021,496483.11136665125,227.06555119652464,717.9220763753796,700.7799001333672,1.0
85,26437,2021,520976.38019951305,245.38038161976053,491.80760438536805,483.3884901680775,1.0
147,27976,2021,504131.0550247752,218.72839229283204,727.4265288061915,683.4253297933654,0.9
145,28561,2021,494110.8824301865,238.18869389492656,652.9786167802674,839.2905603295402,1.3
177,29557,2021,487855.1427942134,251.42139830956216,531.0268001632127,506.025383976399,1.0
164,29895,2021,490848.5500170222,238.18869389492653,582.1178786289992,565.8421152340263,1.0
168,30913,2021,505420.09856443474,251.42139830956216,506.4158581557131,572.4386492213257,1.1
77,31062,2021,489959.3503281405,217.66841222152846,473.82061481267357,478.7313604657938,1.0
73,31063,2021,509278.0844294753,217.66841222152846,707.3522894320498,705.0984691575278,1.0
153,31108,2021,496979.0707531118,217.66841222152846,638.1768817036539,640.1040986576763,1.0
156,31110,2021,488885.96798457066,217.66841222152846,485.19921958942024,439.14449340875166,0.9
155,31113,2021,483791.5951126535,217.66841222152848,680.0865774434371,706.550741991364,1.0
152,31114,2021,491598.5843324519,217.66841222152846,628.9290943097726,617.3864277676815,1.0
142,31454,2021,532807.0859279409,223.1340961086479,677.3206650324173,640.2423487845314,0.9
65,33018,2021,493740.8459204649,206.16171150172147,725.9451435583319,984.6861523499849,1.4
93,33019,2021,492895.1501213876,206.16171150172144,731.020814040747,742.7310268221945,1.0
126,33817,2021,498928.7687007737,219.6017084142472,699.3017892977842,651.4908469411695,0.9
159,33818,2021,500610.3310902529,219.5922074217897,671.3194635967697,675.955537965749,1.0
128,35009,2021,528584.0098041092,206.16171150172144,760.2617843236457,872.7759214452159,1.1
162,35012,2021,498863.5291880842,218.22881534383046,696.5421953999755,785.0708803573572,1.1
33,35013,2021,509698.5469838152,216.2147424383348,673.6228608982263,802.6532121471428,1.2
86,40402,2021,520783.8802223524,245.3803816197605,503.32244528674033,551.7029528176093,1.1
176,43397,2021,488411.775224572,245.39780351383266,500.3279902599689,453.3116082173128,0.9
163,46287,2021,523984.4590499961,218.7600553920535,729.3723340378829,1132.4985182785474,1.6
89,46461,2021,533231.2393492024,245.46091094709172,561.670760604186,496.4327521920341,0.9
26,46505,2021,507704.2287743484,227.06555119652464,520.0970175833961,908.5517918857404,1.7
84,47591,2021,504859.052077382,245.38038161976053,528.1918235529398,542.3354653405066,1.0
167,49185,2021,499917.1715361769,251.42139830956216,542.803369529134,609.2023030607884,1.1
157,49188,2021,504360.4301418428,245.47900252936,537.0214372432462,503.9991238459656,0.9
87,50095,2021,523467.6309245799,245.38038161976053,503.3421638235116,563.5997521184232,1.1
24,51647,2021,498886.8414981245,219.87386112836035,748.1663230673045,1089.1763448420247,1.5
196,63497,2021,464782.5091527717,223.42176125259223,626.3895008178573,912.9793985868832,1.5
219,67172,2021,504821.389072477,238.18869389492656,621.9573368630766,771.5137695462867,1.2
215,71748,2021,514904.50494420616,248.82904956648903,576.4239026201795,866.9526111029443,1.5
170,73899,2021,504765.1580461589,249.599502766052,591.5323882217906,683.5318030618599,1.2
49,76358,2021,489104.5052305265,217.66841222152848,426.30674835905603,389.3112338965267,0.9
124,78062,2021,484372.6802594928,217.66841222152846,352.07210632725145,356.76964383318256,1.0
220,78568,2021,386200.1407548472,238.18869389492656,585.0202413383068,781.7321518509273,1.3
130,78906,2021,497485.14607926254,217.8601889460552,607.4639493610997,778.1581686605048,1.3
132_8,18242_72370,2022,888724.9486979557,283.08256236838554,540.0114763641554,2291.8123035391864,4.2
23_10,18786_18787_86252_86253,2022,996460.3133552922,208.08298748693744,594.148024660601,764.151035999445,1.3
127,18788_18789,2022,460230.1209712059,194.86260213414448,493.8372229449231,560.7759050667377,1.1
47,18794_31111,2022,496100.9481887039,194.86260213414448,618.2622933627985,599.5366832097754,1.0
149_30,18834_19052,2022,974741.6237351613,236.0335321376619,627.5744575419957,714.9152877734308,1.1
151_32,18835_19053,2022,1060215.1907727085,222.97143612751884,569.470027146122,562.8470528152469,1.0
66_81,18927_18928,2022,1015127.5518166246,207.2077011991489,614.0759061672769,478.07289399141007,0.8
173_122,18975_34950,2022,981944.019085176,221.9268521632665,608.3109274600243,624.3388816509232,1.0
35_229,18978_42019_42020,2022,954900.5352446184,215.94422971637144,700.381961534889,937.9029226844923,1.3
46_229,18981_39553,2022,971151.3766229099,210.32244800323178,776.8325011166185,472.81513055966553,0.6
44_137,18988_80780,2022,1004986.2021841861,220.00803160683105,579.7653253637411,377.07004792691396,0.7
1,18989_80781,2022,481071.53314006777,221.9268521632665,696.9742319240019,812.1903833336111,1.2
48,18999_42021,2022,502448.0874323465,194.86260213414448,658.0174431745206,727.8223465671928,1.1
223_37_69,19014_83615_83616_83617,2022,1564039.7858082457,250.04367494789003,592.4419942856708,681.5203520843932,1.2
14_20_15_21,19145_29873_30102_36070_50650_81268,2022,1998714.4685218863,283.61911602626134,509.58841509819683,481.9190354932492,0.9
67_61,19191_24214,2022,923158.9681518418,212.81047338036288,401.71903792115813,513.803973664175,1.3
57_56,19192_29765,2022,964236.8648114968,234.73441426095695,651.8914458877053,2004.68889537433,3.1
146_154,19378_20000_24605,2022,985431.7608195613,201.0701837348163,680.9451049717776,708.9171868862877,1.0
9_131,19492_20015,2022,1051985.8589295223,201.02571766082835,677.0472107674368,715.3135619768854,1.1
74_75,19563_19971_28160,2022,1035844.5513957406,243.80832087569414,647.7140531781098,640.3229889943954,1.0
27_29,19760_28061,2022,1001830.770902378,235.51062229503177,642.4787750880738,644.2266381930756,1.0
103_100,19904_24609_78905,2022,916970.9172217225,189.92900222718404,663.3477037443075,786.7330722338148,1.2
28,19965_78447,2022,521585.1496169952,221.31612806371805,589.2331948632326,475.8273427760152,0.8
22,19966_80581,2022,496116.7602497004,221.66216713549852,662.1541181574948,658.8879210671097,1.0
90_71,19972_19973_34948_46348,2022,1017577.8380540127,216.6550117638439,624.6779536424455,563.1509476642951,0.9
184_188,20087_24607,2022,1005446.7907341067,192.47574420743595,683.987830997629,736.6063569538101,1.1
179_182,20088_24606,2022,990768.2512270738,193.34024225382515,702.2953326662503,665.3098873523676,0.9
45,20694_21399,2022,506553.433903848,224.05752521490743,680.6750205270095,786.052136269342,1.2
160_53,21085_23462_23803,2022,1014827.1425503129,207.2077011991489,703.1435945154026,848.8190760614704,1.2
228_39,22648_22921,2022,995480.786856395,220.87725016693352,649.0461113010256,828.7256252549627,1.3
31,22922_36321_36322,2022,533815.2813887175,223.16136472722758,628.2322277411843,562.4457534766238,0.9
68_185,23272_28641,2022,969341.554489796,250.98531126897473,648.2877193638848,889.774427372118,1.4
165_166,24127_24128,2022,1080329.3771531973,194.86260213414448,706.515412941407,651.7463094544286,0.9
161_191,24129_24130,2022,993254.2394434838,194.54269380738995,651.9738708396962,719.9394439662397,1.1
6_148_187_190,24262_24263_24264_24265,2022,1958137.7103418736,194.38779202601108,731.3563481739632,757.6678636525234,1.0
55,28035_28036,2022,499698.57610676246,197.88080898559906,670.673233784478,861.1387934448902,1.3
181_180,29278_70249,2022,999514.3900847913,260.3366939601532,654.9587414916989,805.9197335741411,1.2
178,30927_30928,2022,510743.9755984696,266.9389725895781,585.3644029042829,703.8337023451012,1.2
143,31455_81004,2022,514288.87599509966,221.9268521632665,691.1971115953273,715.4300025547756,1.0
4,33668_33669,2022,524721.6388003868,235.55846900471656,552.0397536308462,696.833728030079,1.3
3,33670_33671,2022,462084.5578080055,222.9714361275188,554.0230546670036,789.712511517471,1.4
58_59,34596_48225_48226,2022,954984.8725352399,194.00794374139764,649.7855182848552,800.287173539162,1.2
16,34939_48437,2022,532670.3377676263,282.3228640444988,515.8570654327798,811.3173332249278,1.6
92_17,39156_55535,2022,977699.3701488442,283.55136110800174,553.5434357680722,620.4748116515987,1.1
230,39552_39554,2022,520340.3719492869,204.7127852651093,647.5831377765762,890.4151474969783,1.4
150,40010_40013,2022,515270.5214739154,260.3263558780278,654.0848205492596,830.353162778266,1.3
171,42367_42368_42369_42370_56652,2022,489245.8583760368,194.86260213414445,496.1447180476137,384.4388120109768,0.8
134_133,43268_43270_43836,2022,1068425.8394325403,280.15538153247,561.9372859737847,729.7288663712635,1.3
186,43269_43837_43838_43839_43840,2022,553946.6617420893,194.00794374139764,705.1402660267055,726.4989513812864,1.0
129_43_63_42,43271_43272_43273_43274,2022,2056839.5237503713,194.3625765568291,675.2514786901413,635.0555650363935,0.9
217_216,44451_44452,2022,1048741.7179753687,282.3228640444988,568.3000420316349,782.1384022557097,1.4
135,44604_44605_44606_44607_44609_44610,2022,506211.50570204447,276.54541830769057,555.1686305098509,769.3083577378013,1.4
144_112,48871_48872_70587_70588,2022,824286.976504277,266.9389725895781,568.8532649620554,686.9681571338249,1.2
60,48948_55727,2022,508144.73208381154,197.9014514901073,639.2372546093136,781.4488265177373,1.2
109_139,50581_50582,2022,930136.0187147632,241.5241255790392,572.6167399436266,1222.9216838087686,2.1
194,77569_81269,2022,493773.6721047994,194.86260213414448,686.1440399768393,653.3868914413446,1.0
110,77646_77695_77696_80718,2022,1035833.6024911848,266.9389725895781,470.53080393767755,690.3994301334511,1.5
213,77666_83567,2022,590187.6449346853,282.66416491335514,522.1009964242598,644.5202571452749,1.2
83_82,78771_78772_78773_78774_78775,2022,986711.2979513047,208.70166651878827,623.4455649038503,587.5338063357933,0.9
111_0,80717_80879_80880_80881_80926,2022,620184.9862179651,254.91638817562966,499.99920196361535,615.4455216962128,1.2
38_198_136,85131_85132_85133_85134,2022,1371164.9818296316,260.6238969879994,450.09390530973343,628.2162297693759,1.4
78,86032_86033_86035_86037,2022,507471.1176464944,194.86260213414448,751.0218955833594,722.092958743114,1.0
41_40,19541_19542,2022,963365.1052552192,189.92456500994803,662.2349060319316,687.9126617235513,1.0
104,42891_64630_64631_64632_64633,2022,477775.98469349823,216.9267666442016,600.0077121788129,975.7743184103082,1.6
13_62,24574_29405,2022,1041634.1083605615,194.33697886414018,644.0244091400571,752.3102991415295,1.2
99_97,34561_34562,2022,1020934.0794635375,279.5689591062099,582.586662692196,886.9805226187694,1.5
232,18796,2022,552919.1582027525,205.26282739148073,405.0787912644811,486.0679205638491,1.2
52,18797,2022,484412.78477943694,205.5089788685497,643.8910535902615,625.8570947378321,1.0
125,18802,2022,492514.3163490836,284.0260160471426,596.8113013462873,905.3275415540753,1.5
11,18851,2022,522493.52348166535,249.13497673026566,578.3672387892544,656.6620000662351,1.1
114,19292,2022,445619.7197179328,194.38779202601108,674.8428424194874,1061.6676934199204,1.6
174,19324,2022,493310.26984947576,221.9268521632665,705.1166519198808,903.9604168215193,1.3
175,19360,2022,475598.4635376476,283.0825623683855,674.0154126031733,754.0352827700311,1.1
19,19361,2022,511605.6456590738,284.033049227478,527.7406655601369,840.4012042971333,1.6
72,19379,2022,500542.8945822364,189.92456500994803,692.5756869392717,861.5685512109328,1.2
113,19381,2022,670959.1792654588,189.92456500994803,665.8372642923609,815.0469627564916,1.2
44_238,19526,2022,1000931.1415734008,218.05189394656435,647.267314148273,665.0822388997177,1.0
169,20046,2022,499581.6233239942,266.93897258957804,701.4492410284354,657.7074447811393,0.9
18,20366,2022,522551.72969409154,282.3228640444987,656.8386847770505,1140.6164991095206,1.7
195,20487,2022,499845.7164586631,194.53753804595593,704.619791598141,768.857147974906,1.1
79,21426,2022,522538.4751924505,194.86260213414445,644.7131771304171,575.6508712059052,0.9
25,21428,2022,510719.0119634139,194.86260213414445,734.631828424285,621.2074592389413,0.8
119,21841,2022,513628.7439676051,194.38779202601106,672.7452784702659,707.5431706905847,1.1
80,21843,2022,510432.9485534853,194.53940684726533,661.8067480202968,684.2881349556154,1.0
50,21844,2022,506473.3941254873,194.54238549975847,690.1162061640989,949.5851937724105,1.4
34,21929,2022,514504.6294201497,189.92456500994803,675.8185543527768,602.0617746104623,0.9
141,21930,2022,496406.4663597428,207.2077011991489,545.737210027292,633.3380873431821,1.2
197,22194,2022,501481.40175401705,206.10823680682591,767.5429747218716,664.4042689412282,0.9
70,22195,2022,514665.1589520098,208.65799381423457,717.6445332539763,729.4849252366199,1.0
120,22316,2022,499808.709905754,207.2077011991489,706.533227817148,693.0020241531752,1.0
102,22353,2022,498590.8829796372,279.56895910620983,618.5472515343982,853.455388122442,1.4
158,22566,2022,475380.8064579826,194.38779202601108,704.9023444511231,778.1879794151562,1.1
76,22567,2022,503186.8506073771,194.38779202601108,658.2819298790787,700.7788364518136,1.1
193_192,22982,2022,1000454.8739600857,200.14457337605356,675.5213334105595,703.5346135796509,1.0
36,24272,2022,496483.11136665125,222.9714361275188,688.1597159763945,670.7213042948816,1.0
85,26437,2022,520976.38019951305,271.78205159768106,413.8532771468293,509.33604632881804,1.2
147,27976,2022,504131.0550247752,208.463517711169,682.3333069007754,675.3293696960303,1.0
145,28561,2022,494110.8824301865,266.9389725895781,690.5187174203415,740.695964150366,1.1
177,29557,2022,487855.1427942134,278.8092603012067,534.5933929477487,711.3400337275873,1.3
164,29895,2022,490848.5500170222,266.9389725895781,626.0075756631728,601.7076815733321,1.0
168,30913,2022,505420.09856443474,278.8092603012066,472.0816554054118,614.3940210043074,1.3
77,31062,2022,489959.3503281405,194.86260213414445,499.8193090644751,476.80759652615154,1.0
73,31063,2022,509278.0844294753,194.86260213414445,711.349325125427,678.0576284542414,1.0
153,31108,2022,496979.0707531118,194.86260213414448,683.655196971537,740.1085341805662,1.1
156,31110,2022,488885.96798457066,194.86260213414445,486.17256223794806,382.40900333189074,0.8
155,31113,2022,483791.5951126535,194.86260213414445,725.7749602541728,711.186732288515,1.0
152,31114,2022,491598.5843324519,194.86260213414445,631.8665169945747,688.5046810069678,1.1
142,31454,2022,532807.0859279409,221.9268521632665,655.454105308999,661.9257307421233,1.0
65,33018,2022,493740.8459204649,194.38779202601106,758.4136209243869,1067.7304944927553,1.4
93,33019,2022,492895.1501213876,194.38779202601108,708.8411608702677,689.597348379116,1.0
126,33817,2022,498928.7687007737,195.24477956832465,645.2607637291768,662.6665970703708,1.0
159,33818,2022,500610.3310902529,195.21575473150023,660.9325003580467,743.5742302037098,1.1
128,35009,2022,528584.0098041092,194.38779202601108,788.1243115889291,695.8583316427995,0.9
162,35012,2022,498863.5291880842,195.37328884783324,605.526196514614,645.3409379895419,1.1
33,35013,2022,509698.5469838152,190.55233912343303,708.7752311241494,968.8595291514504,1.4
86,40402,2022,520783.8802223524,271.7820515976811,456.70296745953254,541.1379410336478,1.2
176,43397,2022,488411.775224572,271.8023176045389,527.2251987801919,591.1694590174205,1.1
163,46287,2022,523984.4590499961,208.86979623572122,448.08077548232757,621.6225799659574,1.4
89,46461,2022,533231.2393492024,271.87572728490073,573.043707046651,585.9979382538961,1.0
26,46505,2022,507704.2287743484,222.97143612751884,724.6167542734469,694.7284536320998,1.0
84,47591,2022,504859.052077382,271.78205159768106,466.9394698981068,643.3043120258703,1.4
157,49188,2022,504360.4301418428,271.89677230611153,485.68517020166445,532.7664147459877,1.1
87,50095,2022,523467.6309245799,271.78205159768106,560.6895353774864,685.8075944093335,1.2
24,51647,2022,498886.8414981245,223.16136472722758,713.9919922821996,946.0805764117904,1.3
219,67172,2022,504821.389072477,266.93897258957816,562.3706143345145,683.6537763713723,1.2
215,71748,2022,514904.50494420616,283.81734015664426,481.7190587539638,835.4213139418396,1.7
170,73899,2022,504765.1580461589,284.6969251131247,526.8842229023998,706.2899263050384,1.3
49,76358,2022,489104.5052305265,194.86260213414445,598.1653463692279,564.9668565373084,0.9
124,78062,2022,484372.6802594928,194.86260213414445,438.96427778706044,267.9599759020997,0.6
220,78568,2022,386200.1407548472,266.9389725895781,521.1362917788842,676.4034112855703,1.3
130,78906,2022,497485.14607926254,189.92456500994803,598.8719991261768,689.1471068615809,1.2
